raw_image/1500284889547/15002849/1500284940868.png,s30
raw_image/1500284889547/15002849/1500284941766.png,s30
raw_image/1500284889547/15002849/1500284942207.png,s30
raw_image/1500284889547/15002849/1500284943133.png,sxx
raw_image/1500284889547/15002849/1500284943765.png,sxx
raw_image/1500284889547/15002849/1500284944738.png,sxx
raw_image/1500284889547/15002849/1500284945239.png,sxx
raw_image/1500284889547/15002849/1500284946149.png,sxx
raw_image/1500284889547/15002849/1500284946546.png,sxx
raw_image/1500284889547/15002849/1500284947009.png,sxx
raw_image/1500284889547/15002849/1500284947506.png,sxx
raw_image/1500284889547/15002849/1500284948517.png,sxx
raw_image/1500284889547/15002849/1500284949266.png,sxx
raw_image/1500284889547/15002849/1500284950066.png,sxx
raw_image/1500284889547/15002849/1500284950858.png,sxx
raw_image/1500284889547/15002849/1500284951145.png,sxx
raw_image/1500284889547/15002849/1500284951375.png,sxx
raw_image/1500284889547/15002849/1500284951908.png,sxx
raw_image/1500284889547/15002849/1500284952824.png,sxx
raw_image/1500284889547/15002849/1500284953220.png,sxx
raw_image/1500284889547/15002849/1500284954203.png,sxx
raw_image/1500284889547/15002849/1500284955042.png,sxx
raw_image/1500284889547/15002849/1500284955269.png,sxx
raw_image/1500284889547/15002849/1500284955753.png,sxx
raw_image/1500284889547/15002849/1500284956305.png,sxx
raw_image/1500284889547/15002849/1500284956724.png,sxx
raw_image/1500284889547/15002849/1500284957104.png,sxx
raw_image/1500284889547/15002849/1500284957927.png,sxx
raw_image/1500284889547/15002849/1500284958873.png,sxx
raw_image/1500284889547/15002849/1500284959613.png,sxx
raw_image/1500284889547/15002849/1500284960576.png,sxx
raw_image/1500284889547/15002849/1500284961484.png,sxx
raw_image/1500284889547/15002849/1500284962155.png,sxx
raw_image/1500284889547/15002849/1500284963046.png,sxx
raw_image/1500284889547/15002849/1500284963898.png,sxx
raw_image/1500284889547/15002849/1500284964476.png,sxx
raw_image/1500284889547/15002849/1500284965027.png,sxx
raw_image/1500284889547/15002849/1500284965520.png,sxx
raw_image/1500284889547/15002849/1500284965854.png,sxx
raw_image/1500284889547/15002849/1500284966268.png,sxx
raw_image/1500284889547/15002849/1500284966919.png,sxx
raw_image/1500284889547/15002849/1500284967508.png,sxx
raw_image/1500284889547/15002849/1500284967957.png,sxx
raw_image/1500284889547/15002849/1500284968592.png,sxx
raw_image/1500284889547/15002849/1500284968872.png,sxx
raw_image/1500284889547/15002849/1500284969755.png,sxx
raw_image/1500284889547/15002849/1500284970293.png,sxx
raw_image/1500284889547/15002849/1500284970841.png,sxx
raw_image/1500284889547/15002849/1500284971835.png,sxx
raw_image/1500284889547/15002849/1500284972327.png,s00
raw_image/1500284889547/15002849/1500284972736.png,s00
raw_image/1500284889547/15002849/1500284973349.png,s00
raw_image/1500284889547/15002849/1500284973606.png,s00
raw_image/1500284889547/15002849/1500284974523.png,s00
raw_image/1500284889547/15002849/1500284974876.png,s00
raw_image/1500284889547/15002849/1500284975275.png,s00
raw_image/1500284889547/15002849/1500284975609.png,s00
raw_image/1500284889547/15002849/1500284975935.png,s00
raw_image/1500284889547/15002849/1500284976799.png,s00
raw_image/1500284889547/15002849/1500284977552.png,s00
raw_image/1500284889547/15002849/1500284977917.png,s00
raw_image/1500284889547/15002849/1500284978176.png,s00
raw_image/1500284889547/15002849/1500284979072.png,s00
raw_image/1500284889547/15002849/1500284979827.png,s00
raw_image/1500284889547/15002849/1500284980794.png,s00
raw_image/1500284889547/15002849/1500284981732.png,s00
raw_image/1500284889547/15002849/1500284982014.png,s00
raw_image/1500284889547/15002849/1500284982915.png,s00
raw_image/1500284889547/15002849/1500284983465.png,s00
raw_image/1500284889547/15002849/1500284984061.png,s00
raw_image/1500284889547/15002849/1500284984395.png,s00
raw_image/1500284889547/15002849/1500284985269.png,s30
raw_image/1500284889547/15002849/1500284986037.png,s30
raw_image/1500284889547/15002849/1500284986999.png,s30
raw_image/1500284889547/15002849/1500284987792.png,sxx
raw_image/1500284889547/15002849/1500284988594.png,sxx
raw_image/1500284889547/15002849/1500284989056.png,sxx
raw_image/1500284889547/15002849/1500284989832.png,sxx
raw_image/1500284889547/15002849/1500284990049.png,sxx
raw_image/1500284889547/15002849/1500284990819.png,sxx
raw_image/1500284889547/15002849/1500284991276.png,sxx
raw_image/1500284889547/15002849/1500284992290.png,sxx
raw_image/1500284889547/15002849/1500284993244.png,sxx
raw_image/1500284889547/15002849/1500284993716.png,sxx
raw_image/1500284889547/15002849/1500284994298.png,sxx
raw_image/1500284889547/15002849/1500284994906.png,sxx
raw_image/1500284889547/15002849/1500284995358.png,sxx
raw_image/1500284889547/15002849/1500284995582.png,sxx
raw_image/1500284889547/15002849/1500284996264.png,sxx
raw_image/1500284889547/15002849/1500284996603.png,sxx
raw_image/1500284889547/15002849/1500284996931.png,sxx
raw_image/1500284889547/15002849/1500284997495.png,sxx
raw_image/1500284889547/15002849/1500284998486.png,sxx
raw_image/1500284889547/15002849/1500284999031.png,sxx
raw_image/1500284889547/15002849/1500284999379.png,sxx
raw_image/1500284889547/15002849/1500284999825.png,sxx
raw_image/1500284889547/15002850/1500285000231.png,sxx
raw_image/1500284889547/15002850/1500285001119.png,sxx
raw_image/1500284889547/15002850/1500285001942.png,sxx
raw_image/1500284889547/15002850/1500285002822.png,sxx
raw_image/1500284889547/15002850/1500285003245.png,sxx
raw_image/1500284889547/15002850/1500285003707.png,sxx
raw_image/1500284889547/15002850/1500285003933.png,sxx
raw_image/1500284889547/15002850/1500285004190.png,sxx
raw_image/1500284889547/15002850/1500285005107.png,sxx
raw_image/1500284889547/15002850/1500285006037.png,sxx
raw_image/1500284889547/15002850/1500285006864.png,sxx
raw_image/1500284889547/15002850/1500285007540.png,sxx
raw_image/1500284889547/15002850/1500285007862.png,sxx
raw_image/1500284889547/15002850/1500285008172.png,sxx
raw_image/1500284889547/15002850/1500285008575.png,sxx
raw_image/1500284889547/15002850/1500285009181.png,sxx
raw_image/1500284889547/15002850/1500285009447.png,sxx
raw_image/1500284889547/15002850/1500285009945.png,sxx
raw_image/1500284889547/15002850/1500285010524.png,sxx
raw_image/1500284889547/15002850/1500285011264.png,sxx
raw_image/1500284889547/15002850/1500285012196.png,sxx
raw_image/1500284889547/15002850/1500285012920.png,sxx
raw_image/1500284889547/15002850/1500285013406.png,sxx
raw_image/1500284889547/15002850/1500285014305.png,sxx
raw_image/1500284889547/15002850/1500285015083.png,sxx
raw_image/1500284889547/15002850/1500285015729.png,sxx
raw_image/1500284889547/15002850/1500285016447.png,s00
raw_image/1500284889547/15002850/1500285016857.png,s00
raw_image/1500284889547/15002850/1500285017635.png,s00
raw_image/1500284889547/15002850/1500285017902.png,s00
raw_image/1500284889547/15002850/1500285018205.png,s00
raw_image/1500284889547/15002850/1500285018901.png,s00
raw_image/1500284889547/15002850/1500285019405.png,s00
raw_image/1500284889547/15002850/1500285020180.png,s00
raw_image/1500284889547/15002850/1500285020491.png,s00
raw_image/1500284889547/15002850/1500285021457.png,s00
raw_image/1500284889547/15002850/1500285021800.png,s00
raw_image/1500284889547/15002850/1500285022137.png,s00
raw_image/1500284889547/15002850/1500285022653.png,s00
raw_image/1500284889547/15002850/1500285023052.png,s00
raw_image/1500284889547/15002850/1500285023391.png,s00
raw_image/1500284889547/15002850/1500285024266.png,s00
raw_image/1500284889547/15002850/1500285024511.png,s00
raw_image/1500284889547/15002850/1500285024805.png,s00
raw_image/1500284889547/15002850/1500285025815.png,s00
raw_image/1500284889547/15002850/1500285026551.png,s00
raw_image/1500284889547/15002850/1500285027133.png,s00
raw_image/1500284889547/15002850/1500285027600.png,s00
raw_image/1500284889547/15002850/1500285028542.png,s00
raw_image/1500284889547/15002850/1500285028992.png,s00
raw_image/1500284889547/15002850/1500285029220.png,s00
raw_image/1500284889547/15002850/1500285030108.png,s30
raw_image/1500284889547/15002850/1500285030728.png,s30
raw_image/1500284889547/15002850/1500285031501.png,s30
raw_image/1500284889547/15002850/1500285031928.png,s30
raw_image/1500284889547/15002850/1500285032489.png,sxx
raw_image/1500284889547/15002850/1500285032943.png,sxx
raw_image/1500284889547/15002850/1500285033483.png,sxx
raw_image/1500284889547/15002850/1500285034459.png,sxx
raw_image/1500284889547/15002850/1500285034906.png,sxx
raw_image/1500284889547/15002850/1500285035169.png,sxx
raw_image/1500284889547/15002850/1500285035818.png,sxx
raw_image/1500284889547/15002850/1500285036227.png,sxx
raw_image/1500284889547/15002850/1500285036569.png,sxx
raw_image/1500284889547/15002850/1500285037208.png,sxx
raw_image/1500284889547/15002850/1500285037702.png,sxx
raw_image/1500284889547/15002850/1500285038719.png,sxx
raw_image/1500284889547/15002850/1500285039083.png,sxx
raw_image/1500284889547/15002850/1500285039803.png,sxx
raw_image/1500284889547/15002850/1500285040485.png,sxx
raw_image/1500284889547/15002850/1500285041303.png,sxx
raw_image/1500284889547/15002850/1500285042317.png,sxx
raw_image/1500284889547/15002850/1500285042999.png,sxx
raw_image/1500284889547/15002850/1500285043515.png,sxx
raw_image/1500284889547/15002850/1500285044134.png,sxx
raw_image/1500284889547/15002850/1500285044511.png,sxx
raw_image/1500284889547/15002850/1500285045135.png,sxx
raw_image/1500284889547/15002850/1500285045496.png,sxx
raw_image/1500284889547/15002850/1500285045733.png,sxx
raw_image/1500284889547/15002850/1500285046082.png,sxx
raw_image/1500284889547/15002850/1500285046803.png,sxx
raw_image/1500284889547/15002850/1500285047108.png,sxx
raw_image/1500284889547/15002850/1500285047498.png,sxx
raw_image/1500284889547/15002850/1500285048009.png,sxx
raw_image/1500284889547/15002850/1500285048761.png,sxx
raw_image/1500284889547/15002850/1500285049296.png,sxx
raw_image/1500284889547/15002850/1500285049949.png,sxx
raw_image/1500284889547/15002850/1500285050289.png,sxx
raw_image/1500284889547/15002850/1500285050517.png,sxx
raw_image/1500284889547/15002850/1500285050999.png,sxx
raw_image/1500284889547/15002850/1500285051266.png,sxx
raw_image/1500284889547/15002850/1500285051522.png,sxx
raw_image/1500284889547/15002850/1500285052408.png,sxx
raw_image/1500284889547/15002850/1500285053253.png,sxx
raw_image/1500284889547/15002850/1500285053955.png,sxx
raw_image/1500284889547/15002850/1500285054869.png,sxx
raw_image/1500284889547/15002850/1500285055666.png,sxx
raw_image/1500284889547/15002850/1500285056499.png,sxx
raw_image/1500284889547/15002850/1500285056862.png,sxx
raw_image/1500284889547/15002850/1500285057829.png,sxx
raw_image/1500284889547/15002850/1500285058448.png,sxx
raw_image/1500284889547/15002850/1500285059067.png,sxx
raw_image/1500284889547/15002850/1500285059303.png,sxx
raw_image/1500284889547/15002850/1500285059936.png,sxx
raw_image/1500284889547/15002850/1500285060817.png,sxx
raw_image/1500284889547/15002850/1500285061693.png,s00
raw_image/1500284889547/15002850/1500285062532.png,s00
raw_image/1500284889547/15002850/1500285063493.png,s00
raw_image/1500284889547/15002850/1500285064406.png,s00
raw_image/1500284889547/15002850/1500285065075.png,s00
raw_image/1500284889547/15002850/1500285065512.png,s00
raw_image/1500284889547/15002850/1500285066279.png,s00
raw_image/1500284889547/15002850/1500285067243.png,s00
raw_image/1500284889547/15002850/1500285068031.png,s00
raw_image/1500284889547/15002850/1500285068831.png,s00
raw_image/1500284889547/15002850/1500285069347.png,s00
raw_image/1500284889547/15002850/1500285069783.png,s00
raw_image/1500284889547/15002850/1500285070220.png,s00
raw_image/1500284889547/15002850/1500285071161.png,s00
raw_image/1500284889547/15002850/1500285071599.png,s00
raw_image/1500284889547/15002850/1500285071817.png,s00
raw_image/1500284889547/15002850/1500285072163.png,s00
