raw_image/1499520175197/14995202/1499520249644.png,1499520249644,00,z_chao
raw_image/1499520175197/14995202/1499520249644.png,1499520249644,01,z_chao
raw_image/1499520175197/14995202/1499520249644.png,1499520249644,02,z_chao
raw_image/1499520175197/14995202/1499520249644.png,1499520249644,03,z_chao
raw_image/1499520175197/14995202/1499520249644.png,1499520249644,04,z_chao
raw_image/1499520175197/14995202/1499520249644.png,1499520249644,05,z_chao
raw_image/1499520175197/14995202/1499520249644.png,1499520249644,06,z_chao
raw_image/1499520175197/14995202/1499520249644.png,1499520249644,07,z_chao
raw_image/1499520175197/14995202/1499520249644.png,1499520249644,08,z_chao
raw_image/1499520175197/14995202/1499520249644.png,1499520249644,09,z_chao
raw_image/1499520175197/14995202/1499520249644.png,1499520249644,10,z_chao
raw_image/1499520175197/14995202/1499520249644.png,1499520249644,11,z_chao
raw_image/1499520175197/14995202/1499520249644.png,1499520249644,12,z_chao
raw_image/1499520175197/14995202/1499520249644.png,1499520249644,13,z_chao
raw_image/1499520175197/14995202/1499520249644.png,1499520249644,14,z_chao
raw_image/1499520175197/14995202/1499520249644.png,1499520249644,15,z_chao
raw_image/1499520175197/14995202/1499520249644.png,1499520249644,16,z_chao
raw_image/1499520175197/14995202/1499520249644.png,1499520249644,17,z_chao
raw_image/1499520175197/14995202/1499520249644.png,1499520249644,18,z_chao
raw_image/1499520175197/14995202/1499520249644.png,1499520249644,19,z_chao
raw_image/1499520175197/14995202/1499520249644.png,1499520249644,20,z_chao
raw_image/1499520175197/14995202/1499520249644.png,1499520249644,21,z_chao
raw_image/1499520175197/14995202/1499520249644.png,1499520249644,22,z_chao
raw_image/1499520175197/14995202/1499520249644.png,1499520249644,23,z_chao
raw_image/1499520175197/14995202/1499520249644.png,1499520249644,24,z_chao
raw_image/1499520175197/14995202/1499520249644.png,1499520249644,25,z_chao
raw_image/1499520175197/14995202/1499520249644.png,1499520249644,26,z_chao
raw_image/1499520175197/14995202/1499520249644.png,1499520249644,27,z_chao
raw_image/1499520175197/14995202/1499520249644.png,1499520249644,28,z_chao
raw_image/1499520175197/14995202/1499520249644.png,1499520249644,29,z_chao
raw_image/1499520175197/14995202/1499520249644.png,1499520249644,30,z_chao
raw_image/1499520175197/14995202/1499520249644.png,1499520249644,31,z_chao
raw_image/1499520175197/14995202/1499520249644.png,1499520249644,32,z_chao
raw_image/1499520175197/14995202/1499520249644.png,1499520249644,33,z_chao
raw_image/1499520175197/14995202/1499520249644.png,1499520249644,34,z_chao
raw_image/1499520175197/14995202/1499520249644.png,1499520249644,35,z_chao
raw_image/1499520175197/14995202/1499520249644.png,1499520249644,36,z_chao
raw_image/1499520175197/14995202/1499520249644.png,1499520249644,37,z_chao
raw_image/1499520175197/14995202/1499520249644.png,1499520249644,38,z_chao
raw_image/1499520175197/14995202/1499520249644.png,1499520249644,39,z_chao
raw_image/1499520175197/14995202/1499520249644.png,1499520249644,40,z_chao
raw_image/1499520175197/14995202/1499520249644.png,1499520249644,41,z_chao
raw_image/1499520175197/14995202/1499520249644.png,1499520249644,42,z_chao
raw_image/1499520175197/14995202/1499520249644.png,1499520249644,43,z_chao
raw_image/1499520175197/14995202/1499520249644.png,1499520249644,44,z_chao
raw_image/1499520175197/14995202/1499520249644.png,1499520249644,45,z_chao
raw_image/1499520175197/14995202/1499520249644.png,1499520249644,46,z_chao
raw_image/1499520175197/14995202/1499520249644.png,1499520249644,47,z_chao
raw_image/1499520175197/14995202/1499520249644.png,1499520249644,48,z_chao
raw_image/1499520175197/14995202/1499520249644.png,1499520249644,49,z_chao
raw_image/1499520175197/14995202/1499520249644.png,1499520249644,50,z_chao
raw_image/1499520175197/14995202/1499520249644.png,1499520249644,51,z_chao
raw_image/1499520175197/14995202/1499520249644.png,1499520249644,52,z_chao
raw_image/1499520175197/14995202/1499520249644.png,1499520249644,53,z_chao
raw_image/1499520175197/14995202/1499520249644.png,1499520249644,54,z_chao
raw_image/1499520175197/14995202/1499520249644.png,1499520249644,55,z_chao
raw_image/1499520175197/14995202/1499520249644.png,1499520249644,56,z_chao
raw_image/1499520175197/14995202/1499520249644.png,1499520249644,57,z_chao
raw_image/1499520175197/14995202/1499520249644.png,1499520249644,58,z_chao
raw_image/1499520175197/14995202/1499520249644.png,1499520249644,59,z_chao
raw_image/1499520175197/14995202/1499520249644.png,1499520249644,60,z_chao
raw_image/1499520175197/14995202/1499520249644.png,1499520249644,61,z_chao
raw_image/1499520175197/14995202/1499520249644.png,1499520249644,62,z_chao
raw_image/1499520175197/14995202/1499520249644.png,1499520249644,63,z_chao
raw_image/1499520175197/14995202/1499520267010.png,1499520267010,01,s_clear
raw_image/1499520175197/14995202/1499520267010.png,1499520267010,1,s_clear
raw_image/1499520175197/14995202/1499520269138.png,1499520269138,09,s_clear
raw_image/1499520175197/14995202/1499520269138.png,1499520269138,46,z_chao
raw_image/1499520175197/14995202/1499520269138.png,1499520269138,54,z_chao
raw_image/1499520175197/14995202/1499520269756.png,1499520269756,09,s_clear
raw_image/1499520175197/14995202/1499520269756.png,1499520269756,53,z_chao
raw_image/1499520175197/14995202/1499520269756.png,1499520269756,54,z_chao
raw_image/1499520175197/14995202/1499520269756.png,1499520269756,55,z_chao
raw_image/1499520175197/14995202/1499520270572.png,1499520270572,09,s_clear
raw_image/1499520175197/14995202/1499520270572.png,1499520270572,9,s_clear
raw_image/1499520175197/14995202/1499520271091.png,1499520271091,09,s_clear
raw_image/1499520175197/14995202/1499520271091.png,1499520271091,9,s_clear
raw_image/1499520175197/14995202/1499520272267.png,1499520272267,09,s_clear
raw_image/1499520175197/14995202/1499520272267.png,1499520272267,12,a_elep
raw_image/1499520175197/14995202/1499520272267.png,1499520272267,13,a_elep
raw_image/1499520175197/14995202/1499520272267.png,1499520272267,14,a_elep
raw_image/1499520175197/14995202/1499520272267.png,1499520272267,9,s_clear
raw_image/1499520175197/14995202/1499520272816.png,1499520272816,03,z_chao
raw_image/1499520175197/14995202/1499520272816.png,1499520272816,04,z_chao
raw_image/1499520175197/14995202/1499520272816.png,1499520272816,05,z_chao
raw_image/1499520175197/14995202/1499520272816.png,1499520272816,06,z_chao
raw_image/1499520175197/14995202/1499520272816.png,1499520272816,07,z_chao
raw_image/1499520175197/14995202/1499520272816.png,1499520272816,09,z_chao
raw_image/1499520175197/14995202/1499520272816.png,1499520272816,12,z_chao
raw_image/1499520175197/14995202/1499520272816.png,1499520272816,13,z_chao
raw_image/1499520175197/14995202/1499520272816.png,1499520272816,14,z_chao
raw_image/1499520175197/14995202/1499520272816.png,1499520272816,17,z_chao
raw_image/1499520175197/14995202/1499520272816.png,1499520272816,24,z_chao
raw_image/1499520175197/14995202/1499520272816.png,1499520272816,27,z_chao
raw_image/1499520175197/14995202/1499520272816.png,1499520272816,28,z_chao
raw_image/1499520175197/14995202/1499520272816.png,1499520272816,31,z_chao
raw_image/1499520175197/14995202/1499520272816.png,1499520272816,42,z_chao
raw_image/1499520175197/14995202/1499520272816.png,1499520272816,53,z_chao
raw_image/1499520175197/14995202/1499520272816.png,1499520272816,57,z_chao
raw_image/1499520175197/14995202/1499520273737.png,1499520273737,17,z_chao
raw_image/1499520175197/14995202/1499520273737.png,1499520273737,25,z_chao
raw_image/1499520175197/14995202/1499520273737.png,1499520273737,33,z_chao
raw_image/1499520175197/14995202/1499520273737.png,1499520273737,42,z_chao
raw_image/1499520175197/14995202/1499520273737.png,1499520273737,43,z_chao
raw_image/1499520175197/14995202/1499520273737.png,1499520273737,44,z_chao
raw_image/1499520175197/14995204/1499520402685.png,1499520402685,00,a_lion
raw_image/1499520175197/14995204/1499520402685.png,1499520402685,01,a_ape
raw_image/1499520175197/14995204/1499520402685.png,1499520402685,02,a_hippo
raw_image/1499520175197/14995204/1499520402685.png,1499520402685,03,a_panda
raw_image/1499520175197/14995204/1499520402685.png,1499520402685,04,a_elep
raw_image/1499520175197/14995204/1499520402685.png,1499520402685,05,a_elep
raw_image/1499520175197/14995204/1499520402685.png,1499520402685,06,a_hippo
raw_image/1499520175197/14995204/1499520402685.png,1499520402685,07,a_panda
raw_image/1499520175197/14995204/1499520402685.png,1499520402685,08,a_panda
raw_image/1499520175197/14995204/1499520402685.png,1499520402685,09,a_elep
raw_image/1499520175197/14995204/1499520402685.png,1499520402685,10,a_gira
raw_image/1499520175197/14995204/1499520402685.png,1499520402685,11,a_lion
raw_image/1499520175197/14995204/1499520402685.png,1499520402685,12,a_elep
raw_image/1499520175197/14995204/1499520402685.png,1499520402685,13,a_hippo
raw_image/1499520175197/14995204/1499520402685.png,1499520402685,14,a_croco
raw_image/1499520175197/14995204/1499520402685.png,1499520402685,15,a_gira
raw_image/1499520175197/14995204/1499520402685.png,1499520402685,16,a_ape
raw_image/1499520175197/14995204/1499520402685.png,1499520402685,17,a_croco
raw_image/1499520175197/14995204/1499520402685.png,1499520402685,18,a_panda
raw_image/1499520175197/14995204/1499520402685.png,1499520402685,19,a_ape
raw_image/1499520175197/14995204/1499520402685.png,1499520402685,20,a_panda
raw_image/1499520175197/14995204/1499520402685.png,1499520402685,21,a_elep
raw_image/1499520175197/14995204/1499520402685.png,1499520402685,22,a_gira
raw_image/1499520175197/14995204/1499520402685.png,1499520402685,23,a_lion
raw_image/1499520175197/14995204/1499520402685.png,1499520402685,24,a_panda
raw_image/1499520175197/14995204/1499520402685.png,1499520402685,25,a_croco
raw_image/1499520175197/14995204/1499520402685.png,1499520402685,26,a_gira
raw_image/1499520175197/14995204/1499520402685.png,1499520402685,27,a_lion
raw_image/1499520175197/14995204/1499520402685.png,1499520402685,28,a_lion
raw_image/1499520175197/14995204/1499520402685.png,1499520402685,29,a_panda
raw_image/1499520175197/14995204/1499520402685.png,1499520402685,30,a_croco
raw_image/1499520175197/14995204/1499520402685.png,1499520402685,31,a_croco
raw_image/1499520175197/14995204/1499520402685.png,1499520402685,32,a_ape
raw_image/1499520175197/14995204/1499520402685.png,1499520402685,33,a_ape
raw_image/1499520175197/14995204/1499520402685.png,1499520402685,34,a_hippo
raw_image/1499520175197/14995204/1499520402685.png,1499520402685,35,a_gira
raw_image/1499520175197/14995204/1499520402685.png,1499520402685,36,a_croco
raw_image/1499520175197/14995204/1499520402685.png,1499520402685,37,a_elep
raw_image/1499520175197/14995204/1499520402685.png,1499520402685,38,a_elep
raw_image/1499520175197/14995204/1499520402685.png,1499520402685,39,a_lion
raw_image/1499520175197/14995204/1499520402685.png,1499520402685,40,a_panda
raw_image/1499520175197/14995204/1499520402685.png,1499520402685,41,a_elep
raw_image/1499520175197/14995204/1499520402685.png,1499520402685,42,a_ape
raw_image/1499520175197/14995204/1499520402685.png,1499520402685,43,a_panda
raw_image/1499520175197/14995204/1499520402685.png,1499520402685,44,a_croco
raw_image/1499520175197/14995204/1499520402685.png,1499520402685,45,a_croco
raw_image/1499520175197/14995204/1499520402685.png,1499520402685,46,a_ape
raw_image/1499520175197/14995204/1499520402685.png,1499520402685,47,a_panda
raw_image/1499520175197/14995204/1499520402685.png,1499520402685,48,a_croco
raw_image/1499520175197/14995204/1499520402685.png,1499520402685,49,a_ape
raw_image/1499520175197/14995204/1499520402685.png,1499520402685,50,a_elep
raw_image/1499520175197/14995204/1499520402685.png,1499520402685,51,a_hippo
raw_image/1499520175197/14995204/1499520402685.png,1499520402685,52,a_gira
raw_image/1499520175197/14995204/1499520402685.png,1499520402685,53,a_ape
raw_image/1499520175197/14995204/1499520402685.png,1499520402685,54,a_hippo
raw_image/1499520175197/14995204/1499520402685.png,1499520402685,55,a_ape
raw_image/1499520175197/14995204/1499520402685.png,1499520402685,56,a_hippo
raw_image/1499520175197/14995204/1499520402685.png,1499520402685,57,a_gira
raw_image/1499520175197/14995204/1499520402685.png,1499520402685,58,a_hippo
raw_image/1499520175197/14995204/1499520402685.png,1499520402685,59,a_gira
raw_image/1499520175197/14995204/1499520402685.png,1499520402685,60,a_lion
raw_image/1499520175197/14995204/1499520402685.png,1499520402685,61,a_hippo
raw_image/1499520175197/14995204/1499520402685.png,1499520402685,62,a_croco
raw_image/1499520175197/14995204/1499520402685.png,1499520402685,63,a_ape
raw_image/1499520175197/14995204/1499520428284.png,1499520428284,00,z_chao
raw_image/1499520175197/14995204/1499520428284.png,1499520428284,01,z_chao
raw_image/1499520175197/14995204/1499520428284.png,1499520428284,02,z_chao
raw_image/1499520175197/14995204/1499520428284.png,1499520428284,03,z_chao
raw_image/1499520175197/14995204/1499520428284.png,1499520428284,04,z_chao
raw_image/1499520175197/14995204/1499520428284.png,1499520428284,05,z_chao
raw_image/1499520175197/14995204/1499520428284.png,1499520428284,06,z_chao
raw_image/1499520175197/14995204/1499520428284.png,1499520428284,07,z_chao
raw_image/1499520175197/14995204/1499520428284.png,1499520428284,08,z_chao
raw_image/1499520175197/14995204/1499520428284.png,1499520428284,09,z_chao
raw_image/1499520175197/14995204/1499520428284.png,1499520428284,10,z_chao
raw_image/1499520175197/14995204/1499520428284.png,1499520428284,11,z_chao
raw_image/1499520175197/14995204/1499520428284.png,1499520428284,12,z_chao
raw_image/1499520175197/14995204/1499520428284.png,1499520428284,13,z_chao
raw_image/1499520175197/14995204/1499520428284.png,1499520428284,14,z_chao
raw_image/1499520175197/14995204/1499520428284.png,1499520428284,15,z_chao
raw_image/1499520175197/14995204/1499520428284.png,1499520428284,16,z_chao
raw_image/1499520175197/14995204/1499520428284.png,1499520428284,17,z_chao
raw_image/1499520175197/14995204/1499520428284.png,1499520428284,18,z_chao
raw_image/1499520175197/14995204/1499520428284.png,1499520428284,19,z_chao
raw_image/1499520175197/14995204/1499520428284.png,1499520428284,20,z_chao
raw_image/1499520175197/14995204/1499520428284.png,1499520428284,21,z_chao
raw_image/1499520175197/14995204/1499520428284.png,1499520428284,22,z_chao
raw_image/1499520175197/14995204/1499520428284.png,1499520428284,23,z_chao
raw_image/1499520175197/14995204/1499520428284.png,1499520428284,24,z_chao
raw_image/1499520175197/14995204/1499520428284.png,1499520428284,25,z_chao
raw_image/1499520175197/14995204/1499520428284.png,1499520428284,26,z_chao
raw_image/1499520175197/14995204/1499520428284.png,1499520428284,27,z_chao
raw_image/1499520175197/14995204/1499520428284.png,1499520428284,28,z_chao
raw_image/1499520175197/14995204/1499520428284.png,1499520428284,29,z_chao
raw_image/1499520175197/14995204/1499520428284.png,1499520428284,30,z_chao
raw_image/1499520175197/14995204/1499520428284.png,1499520428284,31,z_chao
raw_image/1499520175197/14995204/1499520428284.png,1499520428284,32,z_chao
raw_image/1499520175197/14995204/1499520428284.png,1499520428284,33,z_chao
raw_image/1499520175197/14995204/1499520428284.png,1499520428284,34,z_chao
raw_image/1499520175197/14995204/1499520428284.png,1499520428284,35,z_chao
raw_image/1499520175197/14995204/1499520428284.png,1499520428284,36,z_chao
raw_image/1499520175197/14995204/1499520428284.png,1499520428284,37,z_chao
raw_image/1499520175197/14995204/1499520428284.png,1499520428284,38,z_chao
raw_image/1499520175197/14995204/1499520428284.png,1499520428284,39,z_chao
raw_image/1499520175197/14995204/1499520428284.png,1499520428284,40,z_chao
raw_image/1499520175197/14995204/1499520428284.png,1499520428284,41,z_chao
raw_image/1499520175197/14995204/1499520428284.png,1499520428284,42,z_chao
raw_image/1499520175197/14995204/1499520428284.png,1499520428284,43,z_chao
raw_image/1499520175197/14995204/1499520428284.png,1499520428284,44,z_chao
raw_image/1499520175197/14995204/1499520428284.png,1499520428284,45,z_chao
raw_image/1499520175197/14995204/1499520428284.png,1499520428284,46,z_chao
raw_image/1499520175197/14995204/1499520428284.png,1499520428284,47,z_chao
raw_image/1499520175197/14995204/1499520428284.png,1499520428284,48,z_chao
raw_image/1499520175197/14995204/1499520428284.png,1499520428284,49,z_chao
raw_image/1499520175197/14995204/1499520428284.png,1499520428284,50,z_chao
raw_image/1499520175197/14995204/1499520428284.png,1499520428284,51,z_chao
raw_image/1499520175197/14995204/1499520428284.png,1499520428284,52,z_chao
raw_image/1499520175197/14995204/1499520428284.png,1499520428284,53,z_chao
raw_image/1499520175197/14995204/1499520428284.png,1499520428284,54,z_chao
raw_image/1499520175197/14995204/1499520428284.png,1499520428284,55,z_chao
raw_image/1499520175197/14995204/1499520428284.png,1499520428284,56,z_chao
raw_image/1499520175197/14995204/1499520428284.png,1499520428284,57,z_chao
raw_image/1499520175197/14995204/1499520428284.png,1499520428284,58,z_chao
raw_image/1499520175197/14995204/1499520428284.png,1499520428284,59,z_chao
raw_image/1499520175197/14995204/1499520428284.png,1499520428284,60,z_chao
raw_image/1499520175197/14995204/1499520428284.png,1499520428284,61,z_chao
raw_image/1499520175197/14995204/1499520428284.png,1499520428284,62,z_chao
raw_image/1499520175197/14995204/1499520428284.png,1499520428284,63,z_chao
raw_image/1499678348655/14996783/1499678354639.png,1499678354639,00,a_croco
raw_image/1499678348655/14996783/1499678354639.png,1499678354639,01,a_croco
raw_image/1499678348655/14996783/1499678354639.png,1499678354639,02,a_ape
raw_image/1499678348655/14996783/1499678354639.png,1499678354639,03,a_panda
raw_image/1499678348655/14996783/1499678354639.png,1499678354639,04,a_ape
raw_image/1499678348655/14996783/1499678354639.png,1499678354639,05,a_gira
raw_image/1499678348655/14996783/1499678354639.png,1499678354639,06,a_elep
raw_image/1499678348655/14996783/1499678354639.png,1499678354639,07,a_lion
raw_image/1499678348655/14996783/1499678354639.png,1499678354639,08,a_hippo
raw_image/1499678348655/14996783/1499678354639.png,1499678354639,09,a_lion
raw_image/1499678348655/14996783/1499678354639.png,1499678354639,10,a_lion
raw_image/1499678348655/14996783/1499678354639.png,1499678354639,11,a_ape
raw_image/1499678348655/14996783/1499678354639.png,1499678354639,12,a_lion
raw_image/1499678348655/14996783/1499678354639.png,1499678354639,13,a_lion
raw_image/1499678348655/14996783/1499678354639.png,1499678354639,14,a_elep
raw_image/1499678348655/14996783/1499678354639.png,1499678354639,15,a_ape
raw_image/1499678348655/14996783/1499678354639.png,1499678354639,16,a_croco
raw_image/1499678348655/14996783/1499678354639.png,1499678354639,17,a_panda
raw_image/1499678348655/14996783/1499678354639.png,1499678354639,18,a_lion
raw_image/1499678348655/14996783/1499678354639.png,1499678354639,19,a_hippo
raw_image/1499678348655/14996783/1499678354639.png,1499678354639,20,a_hippo
raw_image/1499678348655/14996783/1499678354639.png,1499678354639,21,a_ape
raw_image/1499678348655/14996783/1499678354639.png,1499678354639,22,a_hippo
raw_image/1499678348655/14996783/1499678354639.png,1499678354639,23,a_ape
raw_image/1499678348655/14996783/1499678354639.png,1499678354639,24,a_hippo
raw_image/1499678348655/14996783/1499678354639.png,1499678354639,25,a_lion
raw_image/1499678348655/14996783/1499678354639.png,1499678354639,26,a_elep
raw_image/1499678348655/14996783/1499678354639.png,1499678354639,27,a_croco
raw_image/1499678348655/14996783/1499678354639.png,1499678354639,28,a_lion
raw_image/1499678348655/14996783/1499678354639.png,1499678354639,29,a_panda
raw_image/1499678348655/14996783/1499678354639.png,1499678354639,30,a_ape
raw_image/1499678348655/14996783/1499678354639.png,1499678354639,31,a_elep
raw_image/1499678348655/14996783/1499678354639.png,1499678354639,32,a_hippo
raw_image/1499678348655/14996783/1499678354639.png,1499678354639,33,a_ape
raw_image/1499678348655/14996783/1499678354639.png,1499678354639,34,a_ape
raw_image/1499678348655/14996783/1499678354639.png,1499678354639,35,a_croco
raw_image/1499678348655/14996783/1499678354639.png,1499678354639,36,a_panda
raw_image/1499678348655/14996783/1499678354639.png,1499678354639,37,a_gira
raw_image/1499678348655/14996783/1499678354639.png,1499678354639,38,a_gira
raw_image/1499678348655/14996783/1499678354639.png,1499678354639,39,a_lion
raw_image/1499678348655/14996783/1499678354639.png,1499678354639,40,a_gira
raw_image/1499678348655/14996783/1499678354639.png,1499678354639,41,a_gira
raw_image/1499678348655/14996783/1499678354639.png,1499678354639,42,a_lion
raw_image/1499678348655/14996783/1499678354639.png,1499678354639,43,a_ape
raw_image/1499678348655/14996783/1499678354639.png,1499678354639,44,a_elep
raw_image/1499678348655/14996783/1499678354639.png,1499678354639,45,a_panda
raw_image/1499678348655/14996783/1499678354639.png,1499678354639,46,a_ape
raw_image/1499678348655/14996783/1499678354639.png,1499678354639,47,a_croco
raw_image/1499678348655/14996783/1499678354639.png,1499678354639,48,a_hippo
raw_image/1499678348655/14996783/1499678354639.png,1499678354639,49,a_panda
raw_image/1499678348655/14996783/1499678354639.png,1499678354639,50,a_ape
raw_image/1499678348655/14996783/1499678354639.png,1499678354639,51,a_croco
raw_image/1499678348655/14996783/1499678354639.png,1499678354639,52,a_lion
raw_image/1499678348655/14996783/1499678354639.png,1499678354639,53,a_ape
raw_image/1499678348655/14996783/1499678354639.png,1499678354639,54,a_ape
raw_image/1499678348655/14996783/1499678354639.png,1499678354639,55,a_hippo
raw_image/1499678348655/14996783/1499678354639.png,1499678354639,56,a_ape
raw_image/1499678348655/14996783/1499678354639.png,1499678354639,57,a_croco
raw_image/1499678348655/14996783/1499678354639.png,1499678354639,58,a_ape
raw_image/1499678348655/14996783/1499678354639.png,1499678354639,59,a_ape
raw_image/1499678348655/14996783/1499678354639.png,1499678354639,60,a_gira
raw_image/1499678348655/14996783/1499678354639.png,1499678354639,61,a_croco
raw_image/1499678348655/14996783/1499678354639.png,1499678354639,62,a_lion
raw_image/1499678348655/14996783/1499678354639.png,1499678354639,63,a_croco
