raw_image/1500284889547/15002851/1500285173646.png,cp5
raw_image/1500284889547/15002851/1500285174118.png,cp5
raw_image/1500284889547/15002851/1500285174721.png,cp5
raw_image/1500284889547/15002851/1500285175461.png,cp5
raw_image/1500284889547/15002851/1500285175745.png,cp5
raw_image/1500284889547/15002851/1500285175978.png,cp5
raw_image/1500284889547/15002851/1500285176540.png,cp5
raw_image/1500284889547/15002851/1500285177400.png,cp5
raw_image/1500284889547/15002851/1500285177791.png,cp5
raw_image/1500284889547/15002851/1500285178762.png,cp5
raw_image/1500284889547/15002851/1500285179206.png,cp5
raw_image/1500284889547/15002851/1500285179461.png,cp5
raw_image/1500284889547/15002851/1500285180112.png,cp5
raw_image/1500284889547/15002851/1500285180490.png,cp5
raw_image/1500284889547/15002851/1500285180891.png,cp5
raw_image/1500284889547/15002854/1500285423823.png,cp5
raw_image/1500284889547/15002854/1500285424358.png,cp5
raw_image/1500284889547/15002854/1500285425010.png,cp5
raw_image/1500284889547/15002854/1500285425883.png,cp5
raw_image/1500284889547/15002854/1500285426228.png,cp5
raw_image/1500284889547/15002856/1500285670935.png,cp5
raw_image/1500284889547/15002856/1500285671855.png,cp5
raw_image/1500284889547/15002856/1500285672694.png,cp5
raw_image/1500284889547/15002856/1500285672988.png,cp5
raw_image/1500284889547/15002856/1500285673915.png,cp5
raw_image/1500284889547/15002856/1500285674565.png,cp5
raw_image/1500284889547/15002856/1500285674887.png,cp5
raw_image/1500349463078/15003497/1500349751577.png,cp5
raw_image/1500349463078/15003497/1500349752222.png,cp5
raw_image/1500349463078/15003497/1500349752745.png,cp5
raw_image/1500349463078/15003497/1500349753678.png,cp5
raw_image/1500349463078/15003497/1500349754406.png,cp5
raw_image/1500349463078/15003497/1500349754751.png,cp5
raw_image/1500349463078/15003497/1500349755754.png,cp5
raw_image/1500349463078/15003497/1500349756298.png,cp5
raw_image/1500349463078/15003497/1500349757235.png,cp5
raw_image/1500349463078/15003497/1500349757856.png,cp5
raw_image/1500349463078/15003497/1500349758239.png,cp5
raw_image/1500349463078/15003497/1500349758506.png,cp5
raw_image/1500349463078/15003500/1500350009642.png,cp5
raw_image/1500349463078/15003500/1500350010241.png,cp5
raw_image/1500349463078/15003500/1500350010479.png,cp5
raw_image/1500349463078/15003500/1500350011296.png,cp5
raw_image/1500349463078/15003500/1500350011681.png,cp5
raw_image/1500349463078/15003500/1500350012338.png,cp5
raw_image/1502166013630/15021660/1502166017845.png,cp5
raw_image/1502166013630/15021660/1502166017924.png,cp5
raw_image/1502166013630/15021660/1502166018019.png,cp5
raw_image/1502166013630/15021660/1502166018123.png,cp5
raw_image/1502166013630/15021660/1502166018224.png,cp5
raw_image/1502166013630/15021660/1502166018303.png,cp5
raw_image/1502166013630/15021660/1502166018373.png,cp5
raw_image/1502166013630/15021660/1502166018449.png,cp5
raw_image/1502166013630/15021660/1502166018558.png,cp5
raw_image/1502166013630/15021660/1502166018623.png,cp5
raw_image/1502166013630/15021660/1502166018717.png,cp5
raw_image/1502166013630/15021660/1502166018814.png,cp5
raw_image/1502166013630/15021660/1502166018928.png,cp5
raw_image/1502166013630/15021660/1502166019032.png,cp5
raw_image/1502166013630/15021660/1502166019120.png,cp5
raw_image/1502166013630/15021660/1502166019213.png,cp5
raw_image/1502166013630/15021660/1502166019291.png,cp5
raw_image/1502166013630/15021660/1502166019353.png,cp5
raw_image/1502166013630/15021660/1502166019419.png,cp5
raw_image/1502166013630/15021660/1502166019480.png,cp5
raw_image/1502166013630/15021660/1502166019559.png,cp5
raw_image/1502166013630/15021660/1502166019658.png,cp5
raw_image/1502166013630/15021660/1502166019739.png,cp5
raw_image/1502166013630/15021660/1502166019839.png,cp5
raw_image/1502260538304/15022608/1502260837436.png,cp4
raw_image/1502260538304/15022608/1502260837540.png,cp4
raw_image/1502260538304/15022608/1502260837609.png,cp4
raw_image/1502260538304/15022608/1502260837718.png,cp4
raw_image/1502260538304/15022608/1502260837813.png,cp4
raw_image/1502260538304/15022608/1502260837874.png,cp4
raw_image/1502260538304/15022608/1502260837957.png,cp4
raw_image/1502260538304/15022608/1502260838030.png,cp4
raw_image/1502260538304/15022608/1502260838110.png,cp4
raw_image/1502260538304/15022608/1502260838178.png,cp4
raw_image/1502260538304/15022608/1502260838257.png,cp4
raw_image/1502260538304/15022608/1502260838339.png,cp4
raw_image/1502260538304/15022608/1502260838419.png,cp4
raw_image/1502260538304/15022608/1502260838531.png,cp4
raw_image/1502260538304/15022608/1502260838597.png,cp4
raw_image/1502260538304/15022608/1502260838701.png,cp4
raw_image/1502260538304/15022608/1502260838770.png,cp4
raw_image/1502260538304/15022608/1502260838884.png,cp4
raw_image/1502260538304/15022608/1502260838991.png,cp4
raw_image/1502260538304/15022608/1502260839096.png,cp4
raw_image/1502260538304/15022608/1502260839174.png,cp4
raw_image/1502260538304/15022608/1502260839247.png,cp4
raw_image/1502260538304/15022608/1502260839330.png,cp4
raw_image/1502260538304/15022608/1502260839432.png,cp4
raw_image/1502260538304/15022608/1502260839511.png,cp4
raw_image/1502260538304/15022608/1502260839590.png,cp4
raw_image/1502260538304/15022608/1502260839689.png,cp4
raw_image/1502260538304/15022608/1502260839786.png,cp4
raw_image/1502260538304/15022608/1502260839888.png,cp4
raw_image/1502260538304/15022608/1502260839975.png,cp4
raw_image/1502260538304/15022608/1502260840065.png,cp4
raw_image/1502260538304/15022608/1502260840131.png,cp4
raw_image/1502260538304/15022608/1502260840236.png,cp4
raw_image/1502260538304/15022608/1502260840303.png,cp4
raw_image/1502260538304/15022608/1502260840396.png,cp4
raw_image/1502260538304/15022608/1502260840455.png,cp4
raw_image/1502260538304/15022608/1502260840534.png,cp4
raw_image/1502260538304/15022608/1502260840625.png,cp4
raw_image/1502260538304/15022608/1502260840696.png,cp4
raw_image/1502260538304/15022608/1502260840754.png,cp4
raw_image/1502260538304/15022608/1502260840857.png,cp4
raw_image/1502260538304/15022608/1502260840953.png,cp4
raw_image/1502260538304/15022608/1502260841054.png,cp4
raw_image/1502260538304/15022608/1502260841140.png,cp4
raw_image/1502260538304/15022608/1502260841196.png,cp4
raw_image/1502260538304/15022608/1502260841280.png,cp4
raw_image/1502260538304/15022608/1502260841351.png,cp4
raw_image/1502260538304/15022608/1502260841420.png,cp4
raw_image/1502260538304/15022608/1502260841516.png,cp4
raw_image/1502260538304/15022608/1502260841603.png,cp4
raw_image/1502260538304/15022608/1502260841711.png,cp4
raw_image/1502260538304/15022608/1502260841763.png,cp4
raw_image/1502260538304/15022608/1502260841827.png,cp4
raw_image/1502260538304/15022608/1502260841930.png,cp4
raw_image/1502260538304/15022608/1502260842018.png,cp4
raw_image/1502260538304/15022608/1502260842123.png,cp4
raw_image/1502260538304/15022608/1502260842187.png,cp4
raw_image/1502260538304/15022608/1502260842279.png,cp4
raw_image/1502260538304/15022608/1502260842351.png,cp4
raw_image/1502260538304/15022608/1502260842456.png,cp4
raw_image/1502260538304/15022608/1502260842562.png,cp4
raw_image/1502260538304/15022608/1502260842631.png,cp4
raw_image/1502260538304/15022608/1502260842728.png,cp4
raw_image/1502260538304/15022608/1502260842825.png,cp4
raw_image/1502260538304/15022608/1502260842923.png,cp4
raw_image/1502260538304/15022608/1502260842981.png,cp4
raw_image/1502260538304/15022608/1502260843090.png,cp4
raw_image/1502260538304/15022608/1502260843160.png,cp4
raw_image/1502260538304/15022608/1502260843237.png,cp4
raw_image/1502260538304/15022608/1502260843294.png,cp4
raw_image/1502260538304/15022608/1502260843353.png,cp4
raw_image/1502260538304/15022608/1502260843460.png,cp4
raw_image/1502260538304/15022608/1502260843541.png,cp4
raw_image/1502260538304/15022608/1502260843639.png,cp4
raw_image/1502260538304/15022608/1502260843729.png,cp4
raw_image/1502260538304/15022608/1502260843797.png,cp4
raw_image/1502260538304/15022608/1502260843907.png,cp4
raw_image/1502260538304/15022608/1502260843993.png,cp4
raw_image/1502260538304/15022608/1502260844097.png,cp4
raw_image/1502260538304/15022608/1502260844200.png,cp4
raw_image/1502260538304/15022608/1502260844289.png,cp4
raw_image/1502260538304/15022608/1502260844358.png,cp4
raw_image/1502260538304/15022608/1502260844457.png,cp4
raw_image/1502260538304/15022608/1502260844547.png,cp4
raw_image/1502260538304/15022608/1502260844646.png,cp4
raw_image/1502260538304/15022608/1502260844713.png,cp4
raw_image/1502260538304/15022608/1502260844791.png,cp4
raw_image/1502260538304/15022608/1502260844878.png,cp4
raw_image/1502260538304/15022608/1502260844945.png,cp4
raw_image/1502260538304/15022608/1502260845038.png,cp4
raw_image/1502260538304/15022608/1502260845093.png,cp4
raw_image/1502260538304/15022608/1502260845175.png,cp4
raw_image/1502260538304/15022608/1502260845266.png,cp4
raw_image/1502260538304/15022608/1502260845347.png,cp4
raw_image/1502260538304/15022608/1502260845425.png,cp4
raw_image/1502260538304/15022608/1502260845517.png,cp4
raw_image/1502260538304/15022608/1502260845617.png,cp4
raw_image/1502260538304/15022608/1502260845701.png,cp4
raw_image/1502260538304/15022608/1502260845800.png,cp4
raw_image/1502260538304/15022608/1502260845887.png,cp4
raw_image/1502260538304/15022608/1502260845954.png,cp4
raw_image/1502260538304/15022608/1502260846046.png,cp4
raw_image/1502260538304/15022608/1502260846104.png,cp4
raw_image/1502260538304/15022608/1502260846196.png,cp4
raw_image/1502260538304/15022608/1502260846264.png,cp4
raw_image/1502260538304/15022608/1502260846365.png,cp4
raw_image/1502260538304/15022608/1502260846467.png,cp4
raw_image/1502260538304/15022608/1502260846562.png,cp4
raw_image/1502260538304/15022608/1502260846669.png,cp4
raw_image/1502260538304/15022608/1502260846747.png,cp4
raw_image/1502260538304/15022608/1502260846827.png,cp4
raw_image/1502260538304/15022608/1502260846897.png,cp4
raw_image/1502260538304/15022608/1502260846978.png,cp4
raw_image/1502260538304/15022608/1502260847050.png,cp4
raw_image/1502260538304/15022608/1502260847135.png,cp4
raw_image/1502260538304/15022608/1502260847226.png,cp4
raw_image/1502260538304/15022608/1502260847304.png,cp4
raw_image/1502260538304/15022608/1502260847398.png,cp4
raw_image/1502260538304/15022608/1502260847458.png,cp4
raw_image/1502260538304/15022608/1502260847526.png,cp4
raw_image/1502260538304/15022608/1502260847602.png,cp4
raw_image/1502260538304/15022608/1502260847681.png,cp4
raw_image/1502260538304/15022608/1502260847751.png,cp4
raw_image/1502260538304/15022608/1502260847817.png,cp4
raw_image/1502260538304/15022608/1502260847894.png,cp4
raw_image/1502260538304/15022608/1502260847986.png,cp4
raw_image/1502260538304/15022608/1502260848086.png,cp4
raw_image/1502260538304/15022608/1502260848150.png,cp4
raw_image/1502260538304/15022608/1502260848242.png,cp4
raw_image/1502260538304/15022608/1502260848308.png,cp4
raw_image/1502260538304/15022608/1502260848375.png,cp4
raw_image/1502260538304/15022608/1502260848435.png,cp4
raw_image/1502260538304/15022608/1502260848526.png,cp4
raw_image/1502260538304/15022608/1502260848588.png,cp4
raw_image/1502260538304/15022608/1502260848669.png,cp4
raw_image/1502260538304/15022608/1502260848765.png,cp4
raw_image/1502260538304/15022608/1502260848838.png,cp4
raw_image/1502260538304/15022608/1502260848907.png,cp4
raw_image/1502260894208/15022610/1502261013680.png,cp3
raw_image/1502260894208/15022610/1502261013787.png,cp3
raw_image/1502260894208/15022610/1502261013868.png,cp3
raw_image/1502260894208/15022610/1502261013969.png,cp3
raw_image/1502260894208/15022610/1502261014057.png,cp3
raw_image/1502260894208/15022610/1502261014153.png,cp3
raw_image/1502260894208/15022610/1502261014208.png,cp3
raw_image/1502260894208/15022610/1502261014277.png,cp3
raw_image/1502260894208/15022610/1502261014342.png,cp3
raw_image/1502260894208/15022610/1502261014410.png,cp3
raw_image/1502260894208/15022610/1502261014499.png,cp3
raw_image/1502260894208/15022610/1502261014564.png,cp3
raw_image/1502260894208/15022610/1502261014657.png,cp3
raw_image/1502260894208/15022610/1502261014731.png,cp3
raw_image/1502260894208/15022610/1502261014792.png,cp3
raw_image/1502260894208/15022610/1502261014881.png,cp3
raw_image/1502260894208/15022610/1502261014945.png,cp3
raw_image/1502260894208/15022610/1502261015043.png,cp3
raw_image/1502260894208/15022610/1502261015134.png,cp3
raw_image/1502260894208/15022610/1502261015218.png,cp3
raw_image/1502260894208/15022610/1502261015311.png,cp3
raw_image/1502260894208/15022610/1502261015408.png,cp3
raw_image/1502260894208/15022610/1502261015489.png,cp3
raw_image/1502260894208/15022610/1502261015563.png,cp3
raw_image/1502260894208/15022610/1502261015669.png,cp3
raw_image/1502260894208/15022610/1502261015766.png,cp3
raw_image/1502260894208/15022610/1502261015865.png,cp3
raw_image/1502260894208/15022610/1502261015948.png,cp3
raw_image/1502260894208/15022610/1502261016013.png,cp3
raw_image/1502260894208/15022610/1502261016087.png,cp3
raw_image/1502260894208/15022610/1502261016162.png,cp3
raw_image/1502260894208/15022610/1502261016257.png,cp3
raw_image/1502260894208/15022610/1502261016348.png,cp3
raw_image/1502260894208/15022610/1502261016448.png,cp3
raw_image/1502260894208/15022610/1502261016533.png,cp3
raw_image/1502260894208/15022610/1502261016592.png,cp3
raw_image/1502260894208/15022610/1502261016665.png,cp3
raw_image/1502260894208/15022610/1502261016744.png,cp3
raw_image/1502260894208/15022610/1502261016827.png,cp3
raw_image/1502260894208/15022610/1502261016895.png,cp3
raw_image/1502260894208/15022610/1502261016968.png,cp3
raw_image/1502260894208/15022610/1502261017073.png,cp3
raw_image/1502260894208/15022610/1502261017139.png,cp3
raw_image/1502260894208/15022610/1502261017224.png,cp3
raw_image/1502260894208/15022610/1502261017315.png,cp3
raw_image/1502260894208/15022610/1502261017405.png,cp3
raw_image/1502260894208/15022610/1502261017483.png,cp3
raw_image/1502260894208/15022610/1502261017548.png,cp3
raw_image/1502260894208/15022610/1502261017618.png,cp3
raw_image/1502260894208/15022610/1502261017704.png,cp3
raw_image/1502260894208/15022610/1502261017806.png,cp3
raw_image/1502260894208/15022610/1502261017915.png,cp3
raw_image/1502260894208/15022610/1502261018020.png,cp3
raw_image/1502260894208/15022610/1502261018096.png,cp3
raw_image/1502260894208/15022610/1502261018161.png,cp3
raw_image/1502260894208/15022610/1502261018244.png,cp3
raw_image/1502260894208/15022610/1502261018299.png,cp3
raw_image/1502260894208/15022610/1502261018377.png,cp3
raw_image/1502260894208/15022610/1502261018444.png,cp3
raw_image/1502260894208/15022610/1502261018534.png,cp3
raw_image/1502260894208/15022610/1502261018616.png,cp3
raw_image/1502260894208/15022610/1502261018715.png,cp3
raw_image/1502260894208/15022610/1502261018823.png,cp3
raw_image/1502260894208/15022610/1502261018883.png,cp3
raw_image/1502260894208/15022610/1502261018981.png,cp3
raw_image/1502260894208/15022610/1502261019046.png,cp3
raw_image/1502260894208/15022610/1502261019161.png,cp3
raw_image/1502260894208/15022610/1502261019246.png,cp3
raw_image/1502260894208/15022610/1502261019308.png,cp3
raw_image/1502260894208/15022610/1502261019372.png,cp3
raw_image/1502260894208/15022610/1502261019426.png,cp3
raw_image/1502260894208/15022610/1502261019517.png,cp3
raw_image/1502260894208/15022610/1502261019601.png,cp3
raw_image/1502260894208/15022610/1502261019702.png,cp3
raw_image/1502260894208/15022610/1502261019794.png,cp3
raw_image/1502260894208/15022610/1502261019859.png,cp3
raw_image/1502260894208/15022610/1502261019948.png,cp3
raw_image/1502260894208/15022610/1502261020012.png,cp3
raw_image/1502260894208/15022610/1502261020112.png,cp3
raw_image/1502260894208/15022611/1502261144425.png,cp2
raw_image/1502260894208/15022611/1502261144487.png,cp2
raw_image/1502260894208/15022611/1502261144586.png,cp2
raw_image/1502260894208/15022611/1502261144682.png,cp2
raw_image/1502260894208/15022611/1502261144762.png,cp2
raw_image/1502260894208/15022611/1502261144825.png,cp2
raw_image/1502260894208/15022611/1502261144885.png,cp2
raw_image/1502260894208/15022611/1502261144963.png,cp2
raw_image/1502260894208/15022611/1502261145053.png,cp2
raw_image/1502260894208/15022611/1502261145157.png,cp2
raw_image/1502260894208/15022611/1502261145209.png,cp2
raw_image/1502260894208/15022611/1502261145311.png,cp2
raw_image/1502260894208/15022611/1502261145375.png,cp2
raw_image/1502260894208/15022611/1502261145475.png,cp2
raw_image/1502260894208/15022611/1502261145528.png,cp2
raw_image/1502260894208/15022611/1502261145608.png,cp2
raw_image/1502260894208/15022611/1502261145687.png,cp2
raw_image/1502260894208/15022611/1502261145771.png,cp2
raw_image/1502260894208/15022611/1502261145865.png,cp2
raw_image/1502260894208/15022611/1502261145960.png,cp2
raw_image/1502260894208/15022611/1502261146058.png,cp2
raw_image/1502260894208/15022611/1502261146146.png,cp2
raw_image/1502260894208/15022611/1502261146226.png,cp2
raw_image/1502260894208/15022611/1502261146292.png,cp2
raw_image/1502260894208/15022611/1502261146369.png,cp2
raw_image/1502260894208/15022611/1502261146428.png,cp2
raw_image/1502260894208/15022611/1502261146510.png,cp2
raw_image/1502260894208/15022611/1502261146579.png,cp2
raw_image/1502260894208/15022611/1502261146666.png,cp2
raw_image/1502260894208/15022611/1502261146736.png,cp2
raw_image/1502260894208/15022611/1502261146825.png,cp2
raw_image/1502260894208/15022611/1502261146898.png,cp2
raw_image/1502260894208/15022611/1502261147001.png,cp2
raw_image/1502260894208/15022611/1502261147085.png,cp2
raw_image/1502260894208/15022611/1502261147162.png,cp2
raw_image/1502260894208/15022611/1502261147252.png,cp2
raw_image/1502260894208/15022611/1502261147331.png,cp2
raw_image/1502260894208/15022611/1502261147421.png,cp2
raw_image/1502260894208/15022611/1502261147475.png,cp2
raw_image/1502260894208/15022611/1502261147543.png,cp2
raw_image/1502260894208/15022611/1502261147632.png,cp2
raw_image/1502260894208/15022611/1502261147731.png,cp2
raw_image/1502260894208/15022611/1502261147816.png,cp2
raw_image/1502260894208/15022612/1502261265329.png,cp1
raw_image/1502260894208/15022612/1502261265431.png,cp1
raw_image/1502260894208/15022612/1502261265486.png,cp1
raw_image/1502260894208/15022612/1502261265585.png,cp1
raw_image/1502260894208/15022612/1502261265677.png,cp1
raw_image/1502260894208/15022612/1502261265738.png,cp1
raw_image/1502260894208/15022612/1502261265833.png,cp1
raw_image/1502260894208/15022612/1502261265919.png,cp1
raw_image/1502260894208/15022612/1502261266008.png,cp1
raw_image/1502260894208/15022612/1502261266096.png,cp1
raw_image/1502260894208/15022612/1502261266163.png,cp1
raw_image/1502260894208/15022612/1502261266236.png,cp1
raw_image/1502260894208/15022612/1502261266328.png,cp1
raw_image/1502260894208/15022612/1502261266424.png,cp1
raw_image/1502260894208/15022612/1502261266507.png,cp1
raw_image/1502260894208/15022612/1502261266601.png,cp1
raw_image/1502260894208/15022612/1502261266666.png,cp1
raw_image/1502260894208/15022612/1502261266755.png,cp1
raw_image/1502260894208/15022612/1502261266848.png,cp1
raw_image/1502260894208/15022612/1502261266949.png,cp1
raw_image/1502260894208/15022612/1502261267050.png,cp1
raw_image/1502260894208/15022612/1502261267122.png,cp1
raw_image/1502260894208/15022612/1502261267232.png,cp1
raw_image/1502260894208/15022612/1502261267331.png,cp1
raw_image/1502260894208/15022612/1502261267408.png,cp1
raw_image/1502260894208/15022612/1502261267494.png,cp1
raw_image/1502260894208/15022612/1502261267595.png,cp1
raw_image/1502260894208/15022612/1502261267686.png,cp1
raw_image/1502260894208/15022612/1502261282514.png,cp1
raw_image/1502260894208/15022612/1502261282581.png,cp1
raw_image/1502260894208/15022612/1502261282656.png,cp1
raw_image/1502260894208/15022612/1502261282746.png,cp1
raw_image/1502260894208/15022612/1502261282824.png,cp1
raw_image/1502260894208/15022612/1502261282893.png,cp1
raw_image/1502260894208/15022612/1502261282967.png,cp1
raw_image/1502260894208/15022612/1502261283069.png,cp1
raw_image/1502260894208/15022612/1502261283169.png,cp1
raw_image/1502260894208/15022612/1502261283232.png,cp1
raw_image/1502260894208/15022612/1502261283336.png,cp1
raw_image/1502260894208/15022612/1502261283421.png,cp1
raw_image/1502260894208/15022612/1502261283513.png,cp1
raw_image/1502260894208/15022612/1502261283591.png,cp1
raw_image/1502260894208/15022612/1502261283675.png,cp1
raw_image/1502260894208/15022612/1502261283746.png,cp1
raw_image/1502260894208/15022612/1502261283850.png,cp1
raw_image/1502260894208/15022612/1502261283915.png,cp1
raw_image/1502260894208/15022612/1502261283991.png,cp1
raw_image/1502260894208/15022612/1502261284089.png,cp1
raw_image/1502260894208/15022612/1502261284179.png,cp1
raw_image/1502260894208/15022612/1502261284253.png,cp1
raw_image/1502260894208/15022612/1502261284353.png,cp1
raw_image/1502260894208/15022612/1502261284428.png,cp1
raw_image/1502260894208/15022612/1502261284503.png,cp1
raw_image/1502260894208/15022612/1502261284583.png,cp1
raw_image/1502260894208/15022612/1502261284672.png,cp1
raw_image/1502260894208/15022612/1502261284748.png,cp1
raw_image/1502260894208/15022612/1502261284806.png,cp1
raw_image/1502260894208/15022612/1502261284869.png,cp1
raw_image/1502260894208/15022612/1502261284972.png,cp1
raw_image/1502260894208/15022612/1502261285045.png,cp1
raw_image/1502260894208/15022612/1502261285111.png,cp1
raw_image/1502260894208/15022612/1502261285200.png,cp1
raw_image/1502260894208/15022612/1502261285302.png,cp1
raw_image/1502260894208/15022612/1502261285386.png,cp1
raw_image/1502260894208/15022612/1502261285474.png,cp1
raw_image/1502260894208/15022612/1502261285577.png,cp1
raw_image/1502260894208/15022612/1502261285640.png,cp1
raw_image/1502260894208/15022612/1502261285729.png,cp1
raw_image/1502260894208/15022612/1502261285809.png,cp1
raw_image/1502260894208/15022612/1502261285880.png,cp1
raw_image/1502260894208/15022612/1502261285962.png,cp1
raw_image/1502260894208/15022612/1502261286061.png,cp1
raw_image/1502260894208/15022612/1502261286137.png,cp1
raw_image/1502260894208/15022612/1502261286245.png,cp1
raw_image/1502260894208/15022612/1502261286311.png,cp1
raw_image/1502260894208/15022612/1502261286414.png,cp1
raw_image/1502260894208/15022612/1502261286511.png,cp1
raw_image/1502260894208/15022612/1502261286586.png,cp1
raw_image/1502260894208/15022612/1502261286666.png,cp1
raw_image/1502260894208/15022612/1502261286744.png,cp1
raw_image/1502260894208/15022612/1502261286811.png,cp1
raw_image/1502260894208/15022612/1502261286878.png,cp1
raw_image/1502260894208/15022612/1502261286968.png,cp1
raw_image/1502260894208/15022612/1502261287068.png,cp1
raw_image/1502260894208/15022612/1502261287151.png,cp1
raw_image/1502260894208/15022612/1502261287233.png,cp1
raw_image/1502260894208/15022612/1502261287299.png,cp1
raw_image/1502260894208/15022612/1502261287391.png,cp1
raw_image/1502260894208/15022612/1502261287465.png,cp1
raw_image/1502260894208/15022612/1502261287522.png,cp1
raw_image/1502260894208/15022612/1502261287588.png,cp1
raw_image/1502260894208/15022612/1502261287652.png,cp1
raw_image/1502260894208/15022612/1502261287747.png,cp1
raw_image/1502260894208/15022612/1502261287809.png,cp1
raw_image/1502260894208/15022612/1502261287888.png,cp1
raw_image/1502260894208/15022612/1502261287940.png,cp1
raw_image/1502260894208/15022612/1502261288020.png,cp1
raw_image/1502260894208/15022612/1502261288078.png,cp1
raw_image/1502260894208/15022612/1502261288150.png,cp1
raw_image/1502260894208/15022612/1502261288217.png,cp1
raw_image/1502260894208/15022612/1502261288297.png,cp1
raw_image/1502260894208/15022612/1502261288396.png,cp1
raw_image/1502260894208/15022612/1502261288477.png,cp1
raw_image/1502260894208/15022612/1502261288542.png,cp1
raw_image/1502260894208/15022612/1502261288618.png,cp1
raw_image/1502260894208/15022612/1502261288721.png,cp1
raw_image/1502260894208/15022612/1502261288810.png,cp1
raw_image/1502260894208/15022612/1502261288900.png,cp1
raw_image/1502260894208/15022612/1502261289002.png,cp1
raw_image/1502260894208/15022612/1502261289079.png,cp1
raw_image/1502260894208/15022612/1502261289168.png,cp1
raw_image/1502260894208/15022612/1502261289241.png,cp1
raw_image/1502260894208/15022612/1502261289319.png,cp1
raw_image/1502260894208/15022612/1502261289414.png,cp1
raw_image/1502260894208/15022612/1502261289477.png,cp1
raw_image/1502260894208/15022612/1502261289579.png,cp1
raw_image/1502260894208/15022612/1502261289686.png,cp1
raw_image/1502260894208/15022612/1502261289749.png,cp1
raw_image/1502260894208/15022612/1502261289811.png,cp1
raw_image/1502260894208/15022612/1502261289903.png,cp1
raw_image/1502260894208/15022612/1502261289963.png,cp1
raw_image/1502260894208/15022612/1502261290054.png,cp1
raw_image/1502260894208/15022612/1502261290120.png,cp1
raw_image/1502260894208/15022612/1502261290209.png,cp1
raw_image/1502260894208/15022612/1502261290292.png,cp1
raw_image/1502260894208/15022612/1502261290368.png,cp1
raw_image/1502260894208/15022612/1502261290454.png,cp1
raw_image/1502260894208/15022612/1502261290553.png,cp1
raw_image/1502260894208/15022612/1502261290624.png,cp1
raw_image/1502260894208/15022612/1502261290702.png,cp1
raw_image/1502260894208/15022612/1502261290792.png,cp1
raw_image/1502260894208/15022612/1502261290848.png,cp1
raw_image/1502260894208/15022612/1502261290958.png,cp1
raw_image/1502260894208/15022612/1502261291058.png,cp1
raw_image/1502260894208/15022612/1502261291109.png,cp1
raw_image/1502260894208/15022612/1502261291203.png,cp1
raw_image/1502260894208/15022612/1502261291263.png,cp1
raw_image/1502260894208/15022612/1502261291322.png,cp1
raw_image/1502260894208/15022612/1502261291387.png,cp1
raw_image/1502260894208/15022612/1502261291476.png,cp1
raw_image/1502260894208/15022612/1502261291580.png,cp1
raw_image/1502260894208/15022612/1502261291670.png,cp1
raw_image/1502260894208/15022612/1502261291751.png,cp1
raw_image/1502260894208/15022612/1502261291826.png,cp1
raw_image/1502260894208/15022612/1502261291895.png,cp1
raw_image/1502260894208/15022612/1502261291971.png,cp1
raw_image/1502260894208/15022612/1502261292058.png,cp1
raw_image/1502260894208/15022612/1502261292147.png,cp1
raw_image/1502260894208/15022612/1502261292210.png,cp1
raw_image/1502260894208/15022612/1502261292268.png,cp1
raw_image/1502260894208/15022612/1502261292346.png,cp1
raw_image/1502260894208/15022612/1502261292434.png,cp1
raw_image/1502260894208/15022612/1502261292535.png,cp1
raw_image/1502260894208/15022612/1502261292609.png,cp1
raw_image/1502260894208/15022612/1502261292674.png,cp1
raw_image/1502260894208/15022612/1502261292752.png,cp1
raw_image/1502260894208/15022612/1502261292840.png,cp1
raw_image/1502260894208/15022612/1502261292952.png,cp1
raw_image/1502260894208/15022612/1502261293054.png,cp1
raw_image/1502260894208/15022612/1502261293144.png,cp1
raw_image/1502260894208/15022612/1502261293234.png,cp1
raw_image/1502260894208/15022612/1502261293302.png,cp1
raw_image/1502260894208/15022612/1502261293361.png,cp1
raw_image/1502260894208/15022612/1502261293424.png,cp1
raw_image/1502260894208/15022612/1502261293520.png,cp1
raw_image/1502260894208/15022612/1502261293603.png,cp1
raw_image/1502260894208/15022612/1502261293682.png,cp1
raw_image/1502260894208/15022612/1502261293785.png,cp1
raw_image/1502260894208/15022612/1502261293881.png,cp1
raw_image/1502260894208/15022612/1502261293978.png,cp1
raw_image/1502260894208/15022612/1502261294078.png,cp1
raw_image/1502260894208/15022612/1502261294152.png,cp1
raw_image/1502260894208/15022612/1502261294231.png,cp1
raw_image/1502260894208/15022612/1502261294335.png,cp1
raw_image/1502260894208/15022612/1502261294425.png,cp1
raw_image/1502260894208/15022612/1502261294519.png,cp1
raw_image/1502260894208/15022612/1502261294589.png,cp1
raw_image/1502260894208/15022612/1502261294681.png,cp1
raw_image/1502260894208/15022612/1502261294781.png,cp1
raw_image/1502260894208/15022612/1502261294888.png,cp1
raw_image/1502260894208/15022612/1502261294947.png,cp1
raw_image/1502260894208/15022612/1502261295040.png,cp1
raw_image/1502260894208/15022612/1502261295147.png,cp1
raw_image/1502260894208/15022612/1502261295241.png,cp1
raw_image/1502260894208/15022612/1502261295320.png,cp1
raw_image/1502260894208/15022612/1502261295397.png,cp1
raw_image/1502260894208/15022612/1502261295477.png,cp1
raw_image/1502260894208/15022612/1502261295564.png,cp1
raw_image/1502260894208/15022612/1502261295669.png,cp1
raw_image/1502260894208/15022612/1502261295748.png,cp1
raw_image/1502260894208/15022612/1502261295807.png,cp1
raw_image/1502260894208/15022612/1502261295908.png,cp1
raw_image/1502260894208/15022612/1502261295971.png,cp1
raw_image/1502260894208/15022612/1502261296070.png,cp1
raw_image/1502260894208/15022612/1502261296131.png,cp1
raw_image/1502260894208/15022612/1502261296215.png,cp1
raw_image/1502260894208/15022612/1502261296297.png,cp1
raw_image/1502260894208/15022612/1502261296385.png,cp1
raw_image/1502260894208/15022612/1502261296457.png,cp1
raw_image/1502260894208/15022612/1502261296543.png,cp1
raw_image/1502260894208/15022612/1502261296599.png,cp1
raw_image/1502260894208/15022612/1502261296700.png,cp1
raw_image/1502260894208/15022612/1502261296792.png,cp1
raw_image/1502260894208/15022612/1502261296900.png,cp1
raw_image/1502260894208/15022612/1502261296993.png,cp1
raw_image/1502260894208/15022612/1502261297055.png,cp1
raw_image/1502260894208/15022612/1502261297153.png,cp1
raw_image/1502260894208/15022612/1502261297231.png,cp1
raw_image/1502260894208/15022612/1502261297288.png,cp1
raw_image/1502260894208/15022612/1502261297399.png,cp1
raw_image/1502260894208/15022612/1502261297494.png,cp1
raw_image/1502260894208/15022612/1502261297593.png,cp1
raw_image/1502260894208/15022612/1502261297657.png,cp1
raw_image/1502260894208/15022612/1502261297715.png,cp1
raw_image/1502260894208/15022612/1502261297786.png,cp1
raw_image/1502260894208/15022612/1502261297888.png,cp1
raw_image/1502260894208/15022612/1502261297974.png,cp1
raw_image/1502260894208/15022612/1502261298038.png,cp1
raw_image/1502260894208/15022612/1502261298130.png,cp1
raw_image/1502260894208/15022612/1502261298209.png,cp1
raw_image/1502260894208/15022612/1502261298312.png,cp1
raw_image/1502260894208/15022612/1502261298397.png,cp1
raw_image/1502260894208/15022612/1502261298495.png,cp1
raw_image/1502260894208/15022612/1502261298595.png,cp1
raw_image/1502260894208/15022612/1502261298700.png,cp1
raw_image/1502260894208/15022612/1502261298771.png,cp1
raw_image/1502260894208/15022612/1502261298851.png,cp1
raw_image/1502260894208/15022612/1502261298909.png,cp1
raw_image/1502260894208/15022612/1502261298969.png,cp1
raw_image/1502260894208/15022612/1502261299054.png,cp1
raw_image/1502260894208/15022612/1502261299119.png,cp1
raw_image/1502260894208/15022612/1502261299207.png,cp1
raw_image/1502260894208/15022612/1502261299275.png,cp1
raw_image/1502260894208/15022612/1502261299353.png,cp1
raw_image/1502260894208/15022612/1502261299461.png,cp1
raw_image/1502260894208/15022612/1502261299543.png,cp1
raw_image/1502260894208/15022612/1502261299600.png,cp1
raw_image/1502260894208/15022612/1502261299674.png,cp1
raw_image/1502260894208/15022612/1502261299736.png,cp1
raw_image/1502260894208/15022612/1502261299847.png,cp1
raw_image/1502260894208/15022612/1502261299946.png,cp1
raw_image/1502260894208/15022613/1502261300032.png,cp1
raw_image/1502260894208/15022613/1502261300099.png,cp1
raw_image/1502260894208/15022613/1502261300181.png,cp1
raw_image/1502260894208/15022613/1502261300286.png,cp1
raw_image/1502260894208/15022613/1502261300379.png,cp1
raw_image/1502260894208/15022613/1502261300444.png,cp1
raw_image/1502260894208/15022613/1502261300505.png,cp1
raw_image/1502260894208/15022613/1502261300592.png,cp1
raw_image/1502260894208/15022613/1502261300673.png,cp1
raw_image/1502260894208/15022613/1502261300727.png,cp1
raw_image/1502260894208/15022613/1502261300793.png,cp1
raw_image/1502260894208/15022613/1502261300878.png,cp1
raw_image/1502260894208/15022613/1502261300945.png,cp1
raw_image/1502260894208/15022613/1502261301013.png,cp1
raw_image/1502260894208/15022613/1502261301090.png,cp1
raw_image/1502260894208/15022613/1502261301168.png,cp1
raw_image/1502260894208/15022613/1502261301246.png,cp1
raw_image/1502260894208/15022613/1502261301348.png,cp1
raw_image/1502260894208/15022613/1502261301448.png,cp1
raw_image/1502260894208/15022613/1502261301524.png,cp1
raw_image/1502260894208/15022613/1502261301592.png,cp1
raw_image/1502260894208/15022613/1502261301669.png,cp1
raw_image/1502260894208/15022613/1502261301763.png,cp1
raw_image/1502260894208/15022614/1502261430534.png,cp0
raw_image/1502260894208/15022614/1502261430617.png,cp0
raw_image/1502260894208/15022614/1502261430678.png,cp0
raw_image/1502260894208/15022614/1502261430744.png,cp0
raw_image/1502260894208/15022614/1502261430841.png,cp0
raw_image/1502260894208/15022614/1502261430937.png,cp0
raw_image/1502260894208/15022614/1502261431023.png,cp0
raw_image/1502260894208/15022614/1502261431096.png,cp0
raw_image/1502260894208/15022614/1502261431163.png,cp0
raw_image/1502260894208/15022614/1502261431245.png,cp0
raw_image/1502260894208/15022614/1502261431319.png,cp0
raw_image/1502260894208/15022614/1502261431419.png,cp0
raw_image/1502260894208/15022614/1502261431494.png,cp0
raw_image/1502260894208/15022614/1502261431576.png,cp0
raw_image/1502260894208/15022614/1502261431668.png,cp0
raw_image/1502260894208/15022614/1502261431733.png,cp0
raw_image/1502260894208/15022614/1502261431808.png,cp0
raw_image/1502260894208/15022614/1502261431872.png,cp0
raw_image/1502260894208/15022614/1502261431970.png,cp0
raw_image/1502260894208/15022614/1502261432069.png,cp0
raw_image/1502260894208/15022614/1502261432164.png,cp0
raw_image/1502260894208/15022614/1502261432234.png,cp0
raw_image/1502260894208/15022614/1502261432319.png,cp0
raw_image/1502260894208/15022614/1502261432419.png,cp0
raw_image/1502260894208/15022614/1502261432491.png,cp0
raw_image/1502260894208/15022614/1502261432567.png,cp0
raw_image/1502260894208/15022614/1502261441792.png,cp0
raw_image/1502260894208/15022614/1502261441873.png,cp0
raw_image/1502260894208/15022614/1502261441957.png,cp0
raw_image/1502260894208/15022614/1502261442042.png,cp0
raw_image/1502260894208/15022614/1502261442113.png,cp0
raw_image/1502260894208/15022614/1502261442187.png,cp0
raw_image/1502260894208/15022614/1502261442283.png,cp0
raw_image/1502260894208/15022614/1502261442369.png,cp0
raw_image/1502260894208/15022614/1502261442427.png,cp0
raw_image/1502260894208/15022614/1502261442517.png,cp0
raw_image/1502260894208/15022614/1502261442584.png,cp0
raw_image/1502260894208/15022614/1502261442649.png,cp0
raw_image/1502260894208/15022614/1502261442749.png,cp0
raw_image/1502260894208/15022614/1502261442816.png,cp0
raw_image/1502260894208/15022614/1502261442885.png,cp0
raw_image/1502260894208/15022614/1502261442941.png,cp0
raw_image/1502260894208/15022614/1502261443000.png,cp0
raw_image/1502260894208/15022614/1502261443071.png,cp0
raw_image/1502260894208/15022614/1502261443180.png,cp0
raw_image/1502260894208/15022614/1502261443281.png,cp0
raw_image/1502260894208/15022614/1502261443381.png,cp0
raw_image/1502260894208/15022614/1502261443452.png,cp0
raw_image/1502443744056/15024458/1502445827281.png,cp6
raw_image/1502443744056/15024458/1502445827891.png,cp6
raw_image/1502443744056/15024458/1502445828557.png,cp6
raw_image/1502443744056/15024458/1502445829471.png,cp6
raw_image/1502443744056/15024458/1502445830401.png,cp6
raw_image/1502443744056/15024458/1502445831277.png,cp6
raw_image/1502443744056/15024458/1502445832107.png,cp6
raw_image/1502443744056/15024458/1502445832668.png,cp6
raw_image/1502443744056/15024458/1502445833439.png,cp6
raw_image/1502443744056/15024458/1502445834082.png,cp6
raw_image/1502443744056/15024458/1502445834623.png,cp6
raw_image/1502443744056/15024458/1502445835203.png,cp6
raw_image/1502443744056/15024458/1502445835783.png,cp6
