raw_image/1500284889547/15002848/1500284897841.png,a_vs
raw_image/1500284889547/15002848/1500284898504.png,a_vs
raw_image/1500284889547/15002848/1500284899407.png,a_vs
raw_image/1500284889547/15002849/1500284914955.png,z_chao
raw_image/1500284889547/15002849/1500284915593.png,z_chao
raw_image/1500284889547/15002849/1500284916319.png,z_chao
raw_image/1500284889547/15002849/1500284916780.png,z_chao
raw_image/1500284889547/15002849/1500284917584.png,a_friend_match
raw_image/1500284889547/15002849/1500284917956.png,z_chao
raw_image/1500284889547/15002849/1500284918665.png,z_chao
raw_image/1500284889547/15002849/1500284918916.png,z_chao
raw_image/1500284889547/15002849/1500284919273.png,z_chao
raw_image/1500284889547/15002849/1500284919903.png,z_chao
raw_image/1500284889547/15002849/1500284920806.png,z_chao
raw_image/1500284889547/15002849/1500284921155.png,a_achievements
raw_image/1500284889547/15002849/1500284922029.png,a_friend_match
raw_image/1500284889547/15002849/1500284922275.png,a_friend_match
raw_image/1500284889547/15002849/1500284923075.png,z_chao
raw_image/1500284889547/15002849/1500284923858.png,z_chao
raw_image/1500284889547/15002849/1500284924081.png,z_chao
raw_image/1500284889547/15002849/1500284924926.png,a_practice
raw_image/1500284889547/15002849/1500284925684.png,z_chao
raw_image/1500284889547/15002849/1500284926659.png,a_achievements
raw_image/1500284889547/15002849/1500284927006.png,z_chao
raw_image/1500284889547/15002849/1500284927329.png,z_chao
raw_image/1500284889547/15002849/1500284927750.png,z_chao
raw_image/1500284889547/15002849/1500284928254.png,z_chao
raw_image/1500284889547/15002849/1500284929137.png,a_practice
raw_image/1500284889547/15002856/1500285676504.png,z_chao
raw_image/1500284889547/15002856/1500285677112.png,a_vs
raw_image/1500284889547/15002856/1500285677889.png,a_vs
raw_image/1500284889547/15002856/1500285678838.png,a_vs
raw_image/1500284889547/15002856/1500285679153.png,a_vs
raw_image/1500284889547/15002856/1500285679492.png,a_vs
raw_image/1500285691492/15002857/1500285713459.png,z_chao
raw_image/1500285691492/15002857/1500285713753.png,z_chao
raw_image/1500285691492/15002857/1500285714009.png,a_vs
raw_image/1500285691492/15002857/1500285714929.png,a_vs
raw_image/1500285691492/15002857/1500285715565.png,a_vs
raw_image/1500285691492/15002857/1500285716361.png,a_vs
raw_image/1500285691492/15002857/1500285717344.png,a_vs
raw_image/1500285691492/15002857/1500285717909.png,a_vs
raw_image/1500349463078/15003495/1500349502761.png,z_chao
raw_image/1500349463078/15003495/1500349503326.png,a_vs
raw_image/1500349463078/15003495/1500349504324.png,a_vs
raw_image/1500349463078/15003495/1500349504791.png,z_chao
raw_image/1500349463078/15003495/1500349505755.png,z_chao
raw_image/1500349463078/15003495/1500349506644.png,z_chao
raw_image/1500349463078/15003495/1500349506898.png,z_chao
raw_image/1500349463078/15003500/1500350013972.png,z_chao
raw_image/1500349463078/15003500/1500350014836.png,a_vs
raw_image/1500349463078/15003500/1500350015219.png,a_vs
raw_image/1500349463078/15003500/1500350015804.png,a_vs
raw_image/1500349463078/15003500/1500350016091.png,a_vs
raw_image/1500349463078/15003500/1500350016701.png,a_vs
raw_image/1500378836518/15003788/1500378841046.png,a_vs
raw_image/1500378836518/15003788/1500378841385.png,a_vs
raw_image/1500378836518/15003788/1500378842213.png,a_vs
raw_image/1500378836518/15003788/1500378843064.png,a_vs
raw_image/1500378836518/15003788/1500378843887.png,a_vs
raw_image/1500378836518/15003788/1500378844844.png,a_vs
raw_image/1500378836518/15003788/1500378845294.png,a_vs
raw_image/1500378836518/15003788/1500378846151.png,z_chao
raw_image/1500378836518/15003788/1500378847002.png,a_practice
raw_image/1500378836518/15003788/1500378847897.png,a_practice
raw_image/1500378836518/15003788/1500378848572.png,a_practice
raw_image/1500378836518/15003788/1500378848953.png,a_practice
raw_image/1500378836518/15003788/1500378849941.png,a_practice
raw_image/1500378836518/15003788/1500378850248.png,a_practice
raw_image/1500378836518/15003788/1500378850824.png,a_practice
raw_image/1500378836518/15003788/1500378851706.png,a_practice
raw_image/1500378836518/15003788/1500378852722.png,a_practice
raw_image/1500378836518/15003788/1500378853653.png,a_practice
raw_image/1500378836518/15003788/1500378854214.png,a_practice
raw_image/1500378836518/15003788/1500378854696.png,a_practice
raw_image/1500378836518/15003788/1500378855180.png,a_practice
raw_image/1500378836518/15003788/1500378855416.png,z_chao
raw_image/1500378836518/15003788/1500378856052.png,a_achievements
raw_image/1500378836518/15003788/1500378856601.png,a_achievements
raw_image/1500378836518/15003788/1500378857414.png,a_achievements
raw_image/1500378836518/15003788/1500378858116.png,a_achievements
raw_image/1500378836518/15003788/1500378858730.png,a_achievements
raw_image/1500378836518/15003788/1500378859339.png,a_achievements
raw_image/1500378836518/15003788/1500378859934.png,a_achievements
raw_image/1500378836518/15003788/1500378860454.png,a_achievements
raw_image/1500378836518/15003788/1500378860758.png,a_achievements
raw_image/1500378836518/15003788/1500378861722.png,a_achievements
raw_image/1500378836518/15003788/1500378862443.png,a_achievements
raw_image/1500378836518/15003788/1500378862757.png,a_achievements
raw_image/1500378836518/15003788/1500378863326.png,a_achievements
raw_image/1500378836518/15003788/1500378863855.png,a_achievements
raw_image/1500378836518/15003788/1500378864236.png,a_achievements
raw_image/1500378836518/15003788/1500378865079.png,a_achievements
raw_image/1500378836518/15003788/1500378866000.png,a_friend_match
raw_image/1500378836518/15003788/1500378866475.png,a_friend_match
raw_image/1500378836518/15003788/1500378866850.png,a_friend_match
raw_image/1500378836518/15003788/1500378867566.png,a_friend_match
raw_image/1500378836518/15003788/1500378868469.png,a_friend_match
raw_image/1500378836518/15003788/1500378869113.png,a_friend_match
raw_image/1500378836518/15003788/1500378869878.png,a_friend_match
raw_image/1500378836518/15003788/1500378870516.png,a_friend_match
raw_image/1500378836518/15003788/1500378871412.png,a_friend_match
raw_image/1500378836518/15003788/1500378872309.png,a_friend_match
raw_image/1500378836518/15003788/1500378872908.png,a_friend_match
raw_image/1500378836518/15003788/1500378873627.png,a_friend_match
raw_image/1500378836518/15003788/1500378874135.png,a_friend_match
raw_image/1500378836518/15003788/1500378874777.png,a_friend_match
raw_image/1500378836518/15003788/1500378875343.png,a_friend_match
raw_image/1500378836518/15003788/1500378876338.png,a_friend_match
raw_image/1500378836518/15003788/1500378876651.png,a_friend_match
raw_image/1500378836518/15003788/1500378877640.png,a_friend_match
raw_image/1500378836518/15003788/1500378878573.png,z_chao
raw_image/1500378836518/15003788/1500378879023.png,z_chao
raw_image/1500378836518/15003788/1500378879528.png,a_vs
raw_image/1500378836518/15003788/1500378880014.png,a_vs
raw_image/1500378836518/15003788/1500378880319.png,a_vs
raw_image/1500378836518/15003788/1500378880563.png,a_vs
raw_image/1500378836518/15003788/1500378881261.png,a_vs
raw_image/1500378836518/15003788/1500378882006.png,a_vs
raw_image/1500378836518/15003788/1500378882880.png,a_vs
raw_image/1500378836518/15003788/1500378883863.png,a_vs
raw_image/1500378836518/15003788/1500378884694.png,a_vs
raw_image/1500378836518/15003788/1500378885137.png,a_vs
raw_image/1500378836518/15003788/1500378885428.png,a_vs
raw_image/1500378836518/15003788/1500378886350.png,a_vs
raw_image/1500378836518/15003788/1500378886953.png,a_vs
raw_image/1500378836518/15003788/1500378887259.png,a_vs
raw_image/1500378836518/15003788/1500378887998.png,a_vs
raw_image/1500378836518/15003788/1500378888678.png,a_vs
raw_image/1500378836518/15003788/1500378889249.png,a_vs
raw_image/1500378836518/15003788/1500378889912.png,a_vs
raw_image/1500378836518/15003788/1500378890781.png,a_vs
raw_image/1500378836518/15003788/1500378891137.png,a_vs
