raw_image/1500284889547/15002849/1500284911242.png,179,14
raw_image/1500284889547/15002849/1500284911899.png,179,14
raw_image/1500349463078/15003494/1500349485445.png,166,18
raw_image/1500349463078/15003494/1500349486013.png,166,18
raw_image/1500349463078/15003494/1500349486361.png,166,18
raw_image/1500349463078/15003494/1500349487316.png,166,18
raw_image/1500349463078/15003494/1500349488240.png,144,19
raw_image/1500349463078/15003494/1500349489051.png,144,19
raw_image/1500349463078/15003494/1500349489474.png,144,19
raw_image/1500349463078/15003494/1500349490110.png,144,19
raw_image/1500349463078/15003494/1500349490960.png,166,18
raw_image/1500349463078/15003494/1500349491940.png,166,18
raw_image/1500349463078/15003494/1500349492328.png,166,18
raw_image/1500349463078/15003494/1500349493272.png,166,18
raw_image/1500349463078/15003494/1500349493816.png,166,18
raw_image/1500349463078/15003494/1500349495668.png,179,14
raw_image/1500349463078/15003494/1500349496605.png,179,14
raw_image/1500349463078/15003494/1500349497365.png,179,14
raw_image/1500349463078/15003494/1500349498120.png,179,14
raw_image/1500349463078/15003494/1500349498643.png,179,14
raw_image/1502161530277/15021615/1502161532531.png,144,19
raw_image/1502161530277/15021615/1502161532785.png,144,19
raw_image/1502161530277/15021615/1502161533221.png,144,19
raw_image/1502161530277/15021615/1502161533952.png,144,19
raw_image/1502161530277/15021615/1502161534880.png,144,19
raw_image/1502161530277/15021615/1502161535499.png,144,19
raw_image/1502161530277/15021615/1502161536151.png,144,19
raw_image/1502161530277/15021615/1502161536576.png,144,19
raw_image/1502161530277/15021615/1502161536952.png,144,19
raw_image/1502161530277/15021615/1502161537331.png,144,19
raw_image/1502161530277/15021615/1502161537979.png,144,19
raw_image/1502161530277/15021615/1502161538961.png,144,19
raw_image/1502161530277/15021615/1502161539463.png,166,18
raw_image/1502161530277/15021615/1502161540202.png,166,18
raw_image/1502161530277/15021615/1502161541079.png,166,18
raw_image/1502161530277/15021615/1502161541859.png,166,18
raw_image/1502161530277/15021615/1502161542259.png,166,18
raw_image/1502161530277/15021615/1502161542580.png,166,18
raw_image/1502161530277/15021615/1502161543244.png,166,18
raw_image/1502161530277/15021615/1502161543502.png,166,18
raw_image/1502161530277/15021615/1502161544418.png,166,18
raw_image/1502161530277/15021615/1502161545563.png,179,14
raw_image/1502161530277/15021615/1502161546220.png,179,14
raw_image/1502161530277/15021615/1502161546489.png,179,14
raw_image/1502161530277/15021615/1502161547431.png,179,14
raw_image/1502161530277/15021615/1502161548034.png,179,14
raw_image/1502161530277/15021615/1502161548818.png,179,14
raw_image/1502161530277/15021615/1502161549060.png,179,14
raw_image/1502161530277/15021615/1502161549670.png,179,14
raw_image/1502161530277/15021615/1502161549972.png,179,14
raw_image/1502161530277/15021615/1502161550550.png,179,14
raw_image/1502161530277/15021615/1502161550773.png,179,14
raw_image/1502161530277/15021615/1502161551328.png,179,14
raw_image/1502161530277/15021615/1502161551725.png,179,14
raw_image/1502161530277/15021615/1502161552633.png,179,14
raw_image/1502161530277/15021615/1502161553088.png,179,14
raw_image/1502161530277/15021615/1502161553981.png,179,14
raw_image/1502161530277/15021615/1502161554309.png,179,14
raw_image/1502161530277/15021615/1502161554668.png,179,14
raw_image/1502161530277/15021615/1502161555220.png,179,14
raw_image/1502161530277/15021615/1502161556126.png,179,14
raw_image/1502161530277/15021615/1502161556754.png,179,14
raw_image/1502161530277/15021615/1502161557660.png,179,14
raw_image/1502161530277/15021615/1502161558582.png,179,14
raw_image/1502161530277/15021615/1502161559223.png,179,14
raw_image/1502161530277/15021615/1502161560216.png,179,14
raw_image/1502161530277/15021615/1502161560949.png,179,14
raw_image/1502161530277/15021615/1502161561255.png,179,14
raw_image/1502161530277/15021615/1502161561928.png,179,14
raw_image/1502161530277/15021615/1502161562253.png,179,14
raw_image/1502161530277/15021615/1502161562630.png,179,14
raw_image/1502161530277/15021615/1502161563100.png,179,14
raw_image/1502161530277/15021615/1502161563733.png,179,14
raw_image/1502161530277/15021615/1502161564197.png,179,14
raw_image/1502166013630/15021660/1502166022017.png,179,14
raw_image/1502166013630/15021660/1502166022129.png,179,14
raw_image/1502166013630/15021660/1502166022234.png,179,14
raw_image/1502166013630/15021660/1502166022312.png,179,14
raw_image/1502166013630/15021660/1502166022403.png,179,14
raw_image/1502166013630/15021660/1502166022500.png,179,14
raw_image/1502166013630/15021660/1502166022584.png,179,14
raw_image/1502166013630/15021660/1502166022652.png,179,14
raw_image/1502166013630/15021660/1502166022716.png,179,14
raw_image/1502166013630/15021660/1502166022804.png,179,14
raw_image/1502166013630/15021660/1502166022874.png,179,14
raw_image/1502166013630/15021660/1502166022981.png,179,14
raw_image/1502166013630/15021660/1502166023087.png,179,14
raw_image/1502166013630/15021660/1502166023158.png,179,14
raw_image/1502166013630/15021660/1502166023218.png,179,14
raw_image/1502166013630/15021660/1502166023315.png,179,14
raw_image/1502166013630/15021660/1502166023389.png,179,14
raw_image/1502166013630/15021660/1502166023469.png,179,14
raw_image/1502166013630/15021660/1502166023560.png,179,14
raw_image/1502166013630/15021660/1502166023650.png,179,14
raw_image/1502166013630/15021660/1502166023752.png,179,14
raw_image/1502166013630/15021660/1502166023848.png,179,14
raw_image/1502166013630/15021660/1502166023925.png,179,14
raw_image/1502166013630/15021660/1502166024028.png,179,14
raw_image/1502166013630/15021660/1502166024119.png,179,14
raw_image/1502166013630/15021660/1502166024197.png,179,14
raw_image/1502166013630/15021660/1502166024268.png,179,14
raw_image/1502166013630/15021660/1502166024345.png,179,14
raw_image/1502166013630/15021660/1502166024443.png,179,14
raw_image/1502166013630/15021660/1502166024510.png,179,14
raw_image/1502166013630/15021660/1502166024595.png,179,14
raw_image/1502166013630/15021660/1502166024651.png,179,14
raw_image/1502166013630/15021660/1502166024739.png,179,14
raw_image/1502166013630/15021660/1502166024832.png,179,14
raw_image/1502166013630/15021660/1502166024947.png,179,14
raw_image/1502166013630/15021660/1502166025019.png,179,14
raw_image/1502166013630/15021660/1502166025102.png,179,14
raw_image/1502166013630/15021660/1502166025170.png,179,14
raw_image/1502166013630/15021660/1502166025237.png,179,14
raw_image/1502166013630/15021660/1502166025336.png,179,14
raw_image/1502166013630/15021660/1502166025450.png,179,14
raw_image/1502166013630/15021660/1502166025531.png,179,14
raw_image/1502166013630/15021660/1502166025622.png,179,14
raw_image/1502166013630/15021660/1502166025732.png,179,14
raw_image/1502166013630/15021660/1502166025827.png,179,14
raw_image/1502166013630/15021660/1502166025934.png,179,14
raw_image/1502166013630/15021660/1502166026042.png,179,14
raw_image/1502166013630/15021660/1502166026149.png,179,14
raw_image/1502166013630/15021660/1502166026235.png,179,14
raw_image/1502166013630/15021660/1502166026337.png,179,14
raw_image/1502166013630/15021660/1502166026444.png,179,14
raw_image/1502166013630/15021660/1502166026531.png,179,14
raw_image/1502166013630/15021660/1502166026634.png,179,14
raw_image/1502166013630/15021660/1502166026735.png,179,14
raw_image/1502166013630/15021660/1502166026808.png,179,14
raw_image/1502166013630/15021660/1502166026886.png,179,14
raw_image/1502166013630/15021660/1502166026987.png,179,14
raw_image/1502166013630/15021660/1502166027074.png,179,14
raw_image/1502166013630/15021660/1502166027174.png,179,14
raw_image/1502166013630/15021660/1502166027283.png,179,14
raw_image/1502166013630/15021660/1502166027355.png,179,14
raw_image/1502166013630/15021660/1502166027436.png,179,14
raw_image/1502166013630/15021660/1502166027506.png,179,14
raw_image/1502166013630/15021660/1502166027584.png,179,14
raw_image/1502166013630/15021660/1502166027693.png,179,14
raw_image/1502166013630/15021660/1502166027784.png,179,14
raw_image/1502166013630/15021660/1502166027857.png,179,14
raw_image/1502166013630/15021660/1502166027954.png,179,14
raw_image/1502260894208/15022612/1502261268088.png,156,19
raw_image/1502260894208/15022612/1502261268188.png,156,19
raw_image/1502260894208/15022612/1502261268287.png,156,19
raw_image/1502260894208/15022612/1502261268390.png,156,19
raw_image/1502260894208/15022612/1502261268454.png,156,19
raw_image/1502260894208/15022612/1502261268557.png,156,19
raw_image/1502260894208/15022612/1502261268642.png,156,19
raw_image/1502260894208/15022612/1502261268708.png,156,19
raw_image/1502260894208/15022612/1502261268801.png,156,19
raw_image/1502260894208/15022612/1502261268905.png,156,19
raw_image/1502260894208/15022612/1502261268982.png,156,19
raw_image/1502260894208/15022612/1502261269057.png,156,19
raw_image/1502260894208/15022612/1502261269133.png,156,19
raw_image/1502260894208/15022612/1502261269226.png,156,19
raw_image/1502260894208/15022612/1502261269327.png,156,19
raw_image/1502260894208/15022612/1502261269408.png,156,19
raw_image/1502260894208/15022612/1502261269515.png,156,19
raw_image/1502260894208/15022612/1502261269577.png,156,19
raw_image/1502260894208/15022612/1502261269668.png,156,19
raw_image/1502260894208/15022612/1502261269759.png,156,19
raw_image/1502260894208/15022612/1502261269830.png,156,19
raw_image/1502260894208/15022612/1502261269921.png,156,19
raw_image/1502260894208/15022612/1502261270015.png,156,19
raw_image/1502260894208/15022612/1502261270067.png,156,19
raw_image/1502260894208/15022612/1502261270134.png,156,19
raw_image/1502260894208/15022612/1502261270241.png,156,19
raw_image/1502260894208/15022612/1502261270324.png,156,19
raw_image/1502260894208/15022612/1502261270377.png,156,19
raw_image/1502260894208/15022612/1502261270468.png,156,19
raw_image/1502260894208/15022612/1502261270574.png,156,19
raw_image/1502260894208/15022612/1502261270662.png,156,19
raw_image/1502260894208/15022612/1502261270752.png,156,19
raw_image/1502260894208/15022612/1502261270828.png,156,19
raw_image/1502260894208/15022612/1502261270932.png,156,19
raw_image/1502260894208/15022612/1502261270996.png,156,19
raw_image/1502260894208/15022612/1502261271065.png,156,19
raw_image/1502260894208/15022612/1502261271132.png,156,19
raw_image/1502260894208/15022612/1502261271215.png,156,19
raw_image/1502260894208/15022612/1502261271273.png,156,19
raw_image/1502260894208/15022612/1502261271350.png,156,19
raw_image/1502260894208/15022612/1502261271438.png,156,19
raw_image/1502260894208/15022612/1502261271527.png,156,19
raw_image/1502260894208/15022612/1502261271621.png,156,19
raw_image/1502260894208/15022612/1502261271687.png,156,19
raw_image/1502260894208/15022612/1502261271753.png,156,19
raw_image/1502260894208/15022612/1502261271833.png,156,19
raw_image/1502260894208/15022612/1502261271907.png,156,19
raw_image/1502260894208/15022612/1502261272008.png,156,19
raw_image/1502260894208/15022612/1502261272099.png,156,19
raw_image/1502260894208/15022612/1502261272164.png,156,19
raw_image/1502260894208/15022612/1502261272223.png,156,19
raw_image/1502260894208/15022612/1502261272279.png,156,19
raw_image/1502260894208/15022612/1502261272369.png,156,19
raw_image/1502260894208/15022612/1502261272456.png,156,19
raw_image/1502260894208/15022612/1502261272522.png,156,19
raw_image/1502260894208/15022612/1502261272601.png,156,19
raw_image/1502260894208/15022612/1502261272667.png,156,19
raw_image/1502260894208/15022612/1502261272732.png,156,19
raw_image/1502260894208/15022612/1502261272801.png,156,19
raw_image/1502260894208/15022612/1502261272865.png,156,19
raw_image/1502260894208/15022612/1502261272945.png,156,19
raw_image/1502260894208/15022612/1502261273011.png,156,19
raw_image/1502260894208/15022612/1502261273088.png,156,19
raw_image/1502260894208/15022612/1502261273180.png,156,19
raw_image/1502260894208/15022612/1502261273254.png,156,19
raw_image/1502260894208/15022612/1502261273322.png,156,19
raw_image/1502260894208/15022612/1502261273413.png,156,19
raw_image/1502260894208/15022612/1502261273486.png,156,19
raw_image/1502260894208/15022612/1502261273554.png,156,19
raw_image/1502260894208/15022612/1502261273626.png,156,19
raw_image/1502260894208/15022612/1502261273707.png,156,19
raw_image/1502260894208/15022612/1502261273777.png,156,19
raw_image/1502260894208/15022612/1502261273866.png,156,19
raw_image/1502260894208/15022612/1502261273923.png,156,19
raw_image/1502260894208/15022612/1502261273992.png,156,19
raw_image/1502260894208/15022612/1502261274056.png,156,19
raw_image/1502260894208/15022612/1502261274109.png,156,19
raw_image/1502260894208/15022612/1502261274174.png,156,19
raw_image/1502260894208/15022612/1502261274246.png,156,19
raw_image/1502260894208/15022612/1502261274314.png,156,19
raw_image/1502260894208/15022612/1502261274391.png,156,19
raw_image/1502260894208/15022612/1502261274455.png,156,19
raw_image/1502260894208/15022612/1502261274530.png,156,19
raw_image/1502260894208/15022612/1502261274595.png,156,19
raw_image/1502260894208/15022612/1502261274687.png,156,19
raw_image/1502260894208/15022612/1502261274789.png,156,19
raw_image/1502260894208/15022612/1502261274878.png,156,19
raw_image/1502260894208/15022612/1502261274971.png,156,19
raw_image/1502260894208/15022612/1502261275026.png,156,19
raw_image/1502260894208/15022612/1502261275095.png,156,19
raw_image/1502260894208/15022612/1502261275188.png,156,19
raw_image/1502260894208/15022612/1502261275265.png,156,19
raw_image/1502260894208/15022612/1502261275360.png,156,19
raw_image/1502260894208/15022612/1502261275450.png,156,19
raw_image/1502260894208/15022612/1502261275524.png,156,19
raw_image/1502260894208/15022612/1502261275600.png,156,19
raw_image/1502260894208/15022612/1502261275699.png,156,19
raw_image/1502260894208/15022612/1502261275794.png,156,19
raw_image/1502260894208/15022612/1502261275869.png,156,19
raw_image/1502260894208/15022612/1502261275934.png,156,19
raw_image/1502260894208/15022612/1502261276000.png,156,19
raw_image/1502260894208/15022612/1502261276073.png,156,19
raw_image/1502260894208/15022612/1502261276150.png,156,19
raw_image/1502260894208/15022612/1502261276246.png,156,19
raw_image/1502260894208/15022612/1502261276331.png,156,19
raw_image/1502260894208/15022612/1502261276433.png,156,19
raw_image/1502260894208/15022612/1502261276509.png,156,19
raw_image/1502260894208/15022612/1502261276578.png,156,19
raw_image/1502260894208/15022612/1502261276686.png,156,19
raw_image/1502260894208/15022612/1502261276754.png,156,19
raw_image/1502260894208/15022612/1502261276836.png,156,19
raw_image/1502260894208/15022612/1502261276934.png,156,19
raw_image/1502260894208/15022612/1502261276995.png,156,19
raw_image/1502260894208/15022612/1502261277077.png,156,19
raw_image/1502260894208/15022612/1502261277140.png,156,19
raw_image/1502260894208/15022612/1502261277234.png,156,19
raw_image/1502260894208/15022612/1502261277307.png,156,19
raw_image/1502260894208/15022612/1502261277390.png,156,19
raw_image/1502260894208/15022612/1502261277468.png,156,19
raw_image/1502260894208/15022612/1502261277528.png,156,19
raw_image/1502260894208/15022612/1502261277617.png,156,19
raw_image/1502260894208/15022612/1502261277721.png,156,19
raw_image/1502260894208/15022612/1502261277812.png,156,19
raw_image/1502260894208/15022612/1502261277913.png,156,19
raw_image/1502260894208/15022612/1502261278008.png,156,19
raw_image/1502260894208/15022612/1502261278106.png,156,19
raw_image/1502260894208/15022612/1502261278199.png,156,19
raw_image/1502260894208/15022612/1502261278300.png,156,19
raw_image/1502260894208/15022612/1502261278367.png,156,19
raw_image/1502260894208/15022612/1502261278424.png,156,19
raw_image/1502260894208/15022612/1502261278519.png,156,19
raw_image/1502260894208/15022612/1502261278596.png,156,19
raw_image/1502260894208/15022612/1502261278686.png,156,19
raw_image/1502260894208/15022612/1502261278740.png,156,19
raw_image/1502260894208/15022612/1502261278840.png,156,19
raw_image/1502260894208/15022612/1502261278934.png,156,19
raw_image/1502260894208/15022612/1502261279005.png,156,19
raw_image/1502260894208/15022612/1502261279096.png,156,19
raw_image/1502260894208/15022612/1502261279189.png,156,19
raw_image/1502260894208/15022612/1502261279289.png,156,19
raw_image/1502260894208/15022612/1502261279351.png,156,19
raw_image/1502260894208/15022612/1502261279409.png,156,19
raw_image/1502260894208/15022612/1502261279518.png,156,19
raw_image/1502260894208/15022612/1502261279593.png,156,19
raw_image/1502260894208/15022612/1502261279684.png,156,19
raw_image/1502260894208/15022612/1502261279759.png,156,19
raw_image/1502260894208/15022612/1502261279849.png,156,19
raw_image/1502260894208/15022612/1502261279940.png,156,19
raw_image/1502260894208/15022612/1502261279993.png,156,19
raw_image/1502260894208/15022612/1502261280054.png,156,19
raw_image/1502260894208/15022612/1502261280124.png,156,19
raw_image/1502260894208/15022612/1502261280220.png,156,19
raw_image/1502260894208/15022612/1502261280330.png,156,19
raw_image/1502260894208/15022612/1502261280393.png,156,19
raw_image/1502260894208/15022612/1502261280462.png,156,19
raw_image/1502260894208/15022612/1502261280525.png,156,19
raw_image/1502260894208/15022612/1502261280581.png,156,19
raw_image/1502260894208/15022612/1502261280661.png,156,19
raw_image/1502260894208/15022612/1502261280729.png,156,19
raw_image/1502260894208/15022612/1502261280810.png,156,19
raw_image/1502260894208/15022612/1502261280878.png,156,19
raw_image/1502260894208/15022612/1502261280977.png,156,19
raw_image/1502260894208/15022612/1502261281052.png,156,19
raw_image/1502260894208/15022612/1502261281143.png,156,19
raw_image/1502260894208/15022612/1502261281252.png,156,19
raw_image/1502260894208/15022612/1502261281332.png,156,19
raw_image/1502260894208/15022612/1502261281430.png,156,19
raw_image/1502260894208/15022612/1502261281516.png,156,19
raw_image/1502260894208/15022612/1502261281577.png,156,19
raw_image/1502260894208/15022612/1502261281669.png,156,19
raw_image/1502260894208/15022612/1502261281752.png,156,19
raw_image/1502260894208/15022612/1502261281814.png,156,19
raw_image/1502260894208/15022612/1502261281894.png,156,19
raw_image/1502274704027/15022748/1502274895111.png,156,19
raw_image/1502274704027/15022748/1502274896117.png,156,19
raw_image/1502274704027/15022748/1502274897060.png,156,19
raw_image/1502274704027/15022748/1502274897918.png,156,19
raw_image/1502274704027/15022748/1502274898775.png,156,19
raw_image/1502274704027/15022748/1502274899481.png,156,19
raw_image/1502274704027/15022749/1502274900462.png,156,19
raw_image/1502274704027/15022749/1502274901025.png,156,19
raw_image/1502274704027/15022749/1502274901584.png,156,19
raw_image/1502274704027/15022749/1502274902201.png,156,19
raw_image/1502274704027/15022749/1502274902740.png,156,19
raw_image/1502274704027/15022749/1502274903453.png,156,19
raw_image/1502274704027/15022749/1502274904004.png,156,19
raw_image/1502274704027/15022749/1502274904804.png,156,19
raw_image/1502274704027/15022749/1502274905772.png,156,19
raw_image/1502274704027/15022749/1502274906402.png,156,19
raw_image/1502274704027/15022749/1502274907224.png,156,19
raw_image/1502274704027/15022749/1502274907820.png,156,19
raw_image/1502274704027/15022749/1502274908661.png,156,19
raw_image/1502274704027/15022749/1502274909330.png,156,19
raw_image/1502274704027/15022749/1502274910115.png,156,19
raw_image/1502274704027/15022749/1502274916454.png,156,19
raw_image/1502274704027/15022749/1502274917055.png,156,19
raw_image/1502274704027/15022749/1502274925917.png,156,19
raw_image/1502274704027/15022749/1502274926550.png,156,19
raw_image/1502274704027/15022749/1502274927257.png,156,19
raw_image/1502274704027/15022749/1502274927789.png,156,19
raw_image/1502274704027/15022749/1502274928797.png,156,19
raw_image/1502274704027/15022749/1502274929518.png,156,19
raw_image/1502274704027/15022749/1502274930160.png,156,19
raw_image/1502274704027/15022749/1502274930936.png,156,19
raw_image/1502274704027/15022749/1502274931647.png,156,19
raw_image/1502274704027/15022749/1502274932462.png,156,19
raw_image/1502274704027/15022749/1502274985422.png,120,13
raw_image/1502274704027/15022749/1502274985960.png,120,13
raw_image/1502274704027/15022749/1502274986792.png,120,13
raw_image/1502274704027/15022749/1502274987596.png,120,13
raw_image/1502274704027/15022749/1502274988478.png,120,13
raw_image/1502274704027/15022749/1502274989241.png,120,13
raw_image/1502274704027/15022749/1502274989910.png,120,13
raw_image/1502274704027/15022749/1502274990813.png,120,13
raw_image/1502274704027/15022749/1502274991389.png,120,13
raw_image/1502274704027/15022749/1502274991913.png,120,13
raw_image/1502274704027/15022749/1502274992575.png,120,13
raw_image/1502343959136/15023445/1502344584823.png,135,19
raw_image/1502343959136/15023445/1502344585335.png,135,19
raw_image/1502343959136/15023445/1502344586081.png,135,19
raw_image/1502343959136/15023445/1502344586847.png,135,19
raw_image/1502343959136/15023445/1502344587438.png,135,19
raw_image/1502343959136/15023445/1502344588346.png,135,19
raw_image/1502343959136/15023445/1502344589160.png,135,19
raw_image/1502343959136/15023445/1502344589942.png,135,19
raw_image/1502343959136/15023445/1502344590921.png,135,19
raw_image/1502343959136/15023449/1502344966694.png,144,19
raw_image/1502343959136/15023449/1502344967257.png,144,19
raw_image/1502343959136/15023449/1502344968027.png,144,19
raw_image/1502343959136/15023449/1502344969663.png,135,19
raw_image/1502343959136/15023449/1502344970410.png,135,19
raw_image/1502343959136/15023449/1502344971338.png,135,19
raw_image/1502343959136/15023449/1502344972234.png,135,19
raw_image/1502343959136/15023450/1502345020889.png,120,13
raw_image/1502343959136/15023450/1502345021516.png,120,13
raw_image/1502343959136/15023450/1502345022250.png,120,13
raw_image/1502343959136/15023450/1502345022778.png,120,13
raw_image/1502669422776/15026942/1502694223888.png,120,13
raw_image/1502669422776/15026942/1502694224529.png,120,13
raw_image/1502669422776/15026942/1502694225196.png,120,13
raw_image/1502669422776/15026942/1502694225750.png,120,13
raw_image/1502669422776/15026942/1502694226681.png,120,13
raw_image/1502669422776/15026942/1502694227388.png,120,13
raw_image/1502669422776/15026942/1502694228053.png,120,13
raw_image/1502669422776/15026942/1502694228948.png,120,13
raw_image/1502669422776/15026942/1502694229531.png,120,13
raw_image/1502669422776/15026942/1502694230321.png,120,13
raw_image/1502669422776/15026942/1502694231268.png,120,13
raw_image/1502669422776/15026942/1502694232040.png,120,13
raw_image/1502669422776/15026942/1502694232651.png,120,13
raw_image/1502669422776/15026942/1502694233525.png,120,13
raw_image/1502669422776/15026942/1502694234442.png,120,13
raw_image/1502669422776/15026942/1502694235026.png,120,13
raw_image/1502669422776/15026942/1502694235681.png,120,13
raw_image/1502669422776/15026942/1502694236391.png,120,13
raw_image/1502669422776/15026942/1502694236903.png,120,13
raw_image/1502669422776/15026942/1502694237748.png,120,13
raw_image/1502669422776/15026942/1502694238263.png,120,13
raw_image/1502669422776/15026942/1502694239163.png,120,13
raw_image/1502669422776/15026942/1502694239682.png,120,13
raw_image/1502669422776/15026942/1502694240252.png,120,13
raw_image/1502669422776/15026942/1502694240946.png,120,13
raw_image/1502669422776/15026942/1502694241453.png,120,13
raw_image/1502669422776/15026942/1502694242321.png,120,13
raw_image/1502669422776/15026942/1502694242902.png,120,13
raw_image/1502669422776/15026942/1502694243421.png,120,13
raw_image/1502669422776/15026942/1502694244029.png,120,13
raw_image/1502669422776/15026942/1502694244937.png,120,13
raw_image/1502669422776/15026942/1502694245779.png,120,13
raw_image/1502669422776/15026942/1502694246692.png,120,13
raw_image/1502669422776/15026942/1502694247609.png,120,13
raw_image/1502669422776/15026942/1502694248355.png,120,13
raw_image/1502669422776/15026942/1502694248951.png,120,13
raw_image/1502669422776/15026942/1502694249688.png,120,13
raw_image/1502669422776/15027681/1502768120950.png,120,13
raw_image/1502669422776/15027681/1502768121641.png,120,13
raw_image/1502669422776/15027681/1502768122201.png,120,13
raw_image/1502669422776/15027681/1502768122993.png,120,13
raw_image/1502669422776/15027681/1502768123565.png,120,13
raw_image/1502669422776/15027681/1502768124178.png,120,13
raw_image/1502669422776/15027681/1502768125070.png,120,13
raw_image/1502669422776/15027681/1502768125998.png,120,13
raw_image/1502669422776/15027681/1502768126542.png,120,13
raw_image/1502669422776/15027681/1502768127356.png,120,13
raw_image/1502669422776/15027681/1502768128015.png,120,13
raw_image/1502669422776/15027681/1502768128602.png,120,13
raw_image/1502669422776/15027681/1502768129348.png,120,13
raw_image/1502669422776/15027681/1502768130003.png,120,13
raw_image/1502669422776/15027681/1502768130618.png,120,13
raw_image/1502669422776/15027681/1502768131548.png,120,13
raw_image/1502669422776/15027681/1502768132090.png,120,13
raw_image/1502669422776/15027681/1502768132790.png,120,13
raw_image/1502669422776/15027681/1502768133304.png,120,13
raw_image/1502669422776/15027681/1502768134147.png,120,13
raw_image/1502669422776/15027681/1502768134666.png,120,13
raw_image/1502669422776/15027681/1502768135193.png,120,13
raw_image/1502669422776/15027681/1502768135931.png,120,13
raw_image/1502669422776/15027681/1502768136507.png,120,13
raw_image/1502669422776/15027682/1502768217712.png,156,19
raw_image/1502669422776/15027682/1502768218656.png,156,19
raw_image/1502669422776/15027682/1502768219293.png,156,19
raw_image/1502669422776/15027682/1502768220015.png,156,19
raw_image/1502669422776/15027682/1502768220834.png,156,19
raw_image/1502669422776/15027682/1502768221632.png,156,19
raw_image/1502669422776/15027682/1502768222524.png,156,19
raw_image/1502669422776/15027682/1502768223267.png,156,19
raw_image/1502669422776/15027682/1502768224140.png,156,19
raw_image/1502669422776/15027682/1502768225011.png,156,19
raw_image/1502669422776/15027682/1502768225749.png,156,19
raw_image/1502669422776/15027682/1502768226313.png,156,19
raw_image/1502669422776/15027682/1502768227223.png,156,19
raw_image/1502669422776/15027682/1502768227837.png,156,19
raw_image/1502669422776/15027682/1502768228658.png,156,19
raw_image/1502669422776/15027682/1502768229338.png,156,19
raw_image/1502669422776/15027682/1502768230158.png,156,19
raw_image/1502669422776/15027682/1502768230747.png,156,19
raw_image/1502669422776/15027682/1502768231457.png,156,19
raw_image/1502669422776/15027682/1502768232283.png,156,19
raw_image/1502669422776/15027682/1502768233200.png,156,19
raw_image/1502669422776/15027682/1502768233877.png,156,19
raw_image/1502669422776/15027682/1502768234770.png,156,19
raw_image/1502669422776/15027682/1502768235526.png,156,19
raw_image/1502669422776/15027682/1502768236343.png,156,19
raw_image/1502669422776/15027682/1502768237238.png,156,19
raw_image/1502669422776/15027682/1502768237903.png,156,19
raw_image/1502669422776/15027682/1502768238687.png,156,19
raw_image/1502669422776/15027682/1502768239349.png,156,19
raw_image/1502669422776/15027682/1502768239864.png,156,19
raw_image/1502669422776/15027682/1502768240703.png,156,19
raw_image/1502669422776/15027682/1502768241641.png,156,19
raw_image/1502669422776/15027682/1502768242286.png,156,19
raw_image/1502669422776/15028466/1502846604543.png,158,19
raw_image/1502669422776/15028466/1502846605063.png,158,19
raw_image/1502669422776/15028466/1502846605662.png,158,19
raw_image/1502669422776/15028466/1502846606567.png,158,19
raw_image/1502669422776/15028466/1502846607260.png,158,19
raw_image/1502669422776/15028466/1502846607896.png,158,19
raw_image/1502669422776/15028466/1502846608435.png,158,19
raw_image/1502669422776/15028466/1502846609245.png,158,19
raw_image/1502669422776/15028466/1502846609944.png,158,19
raw_image/1502669422776/15028466/1502846610930.png,158,19
raw_image/1502669422776/15028466/1502846611455.png,158,19
raw_image/1502669422776/15028466/1502846612446.png,158,19
raw_image/1502669422776/15028466/1502846613206.png,158,19
raw_image/1502669422776/15028466/1502846614029.png,158,19
raw_image/1502669422776/15028466/1502846614889.png,158,19
raw_image/1502669422776/15028466/1502846615714.png,158,19
raw_image/1502669422776/15028466/1502846616355.png,158,19
raw_image/1502669422776/15028466/1502846617017.png,158,19
raw_image/1502669422776/15028466/1502846617756.png,158,19
raw_image/1502669422776/15028466/1502846618729.png,158,19
raw_image/1502669422776/15028466/1502846619535.png,158,19
raw_image/1502669422776/15028466/1502846620305.png,158,19
raw_image/1502669422776/15028466/1502846621161.png,158,19
raw_image/1502669422776/15028466/1502846622005.png,158,19
raw_image/1502669422776/15028466/1502846622548.png,158,19
raw_image/1502669422776/15028466/1502846623167.png,158,19
raw_image/1502669422776/15028471/1502847138650.png,158,19
raw_image/1502669422776/15028471/1502847139575.png,158,19
raw_image/1502669422776/15028471/1502847140270.png,158,19
raw_image/1502669422776/15028471/1502847141141.png,158,19
raw_image/1502669422776/15028471/1502847141893.png,158,19
raw_image/1502669422776/15028471/1502847142569.png,158,19
raw_image/1502669422776/15028471/1502847143166.png,158,19
raw_image/1502669422776/15028471/1502847143870.png,158,19
raw_image/1502669422776/15028471/1502847144781.png,158,19
raw_image/1502669422776/15028471/1502847145395.png,158,19
raw_image/1502669422776/15028471/1502847146016.png,158,19
raw_image/1502669422776/15028471/1502847146639.png,158,19
raw_image/1502669422776/15028471/1502847147522.png,158,19
raw_image/1502669422776/15028471/1502847148112.png,158,19
raw_image/1502669422776/15028471/1502847148748.png,158,19
raw_image/1502878458166/15028959/1502895994116.png,120,13
raw_image/1502878458166/15028959/1502895994660.png,120,13
raw_image/1502878458166/15028959/1502895995368.png,120,13
raw_image/1502878458166/15028959/1502895996242.png,120,13
raw_image/1502878458166/15028959/1502895996802.png,120,13
raw_image/1502878458166/15028959/1502895997807.png,120,13
raw_image/1502878458166/15028959/1502895998675.png,120,13
raw_image/1502878458166/15028959/1502895999592.png,120,13
raw_image/1502878458166/15028960/1502896000251.png,120,13
raw_image/1502878458166/15028960/1502896000895.png,120,13
raw_image/1502878458166/15028960/1502896001815.png,120,13
raw_image/1502878458166/15028960/1502896002753.png,120,13
raw_image/1502878458166/15028960/1502896003325.png,120,13
raw_image/1502878458166/15028960/1502896003886.png,120,13
raw_image/1502878458166/15028960/1502896004523.png,120,13
raw_image/1502878458166/15028960/1502896005492.png,120,13
